0 [136594039798720] INFO perfrun.launcher <> - Launcher main begin
1 [136594039798720] INFO perfrun.launcher <> - MessageCatalogInit finished
1 [136594039798720] INFO perfrun.launcher <> - Launcher instance created
1 [136594039798720] INFO perfrun.launcher <> - argc = 7; cmdline = /opt/intel/oneapi/vtune/2025.0/bin64/amplxe-runss --ui-output-format xml --ui-output-fd 5 --option-file /home/fmahling/hdp-profiling-session/cmake-build-info-release/r000ps/config/runsa.options 
43 [136594039798720] INFO perfrun.perfcollector <> - SEP tool path: /opt/intel/oneapi/vtune/2025.0/bin64/sep
49 [136594039798720] INFO perfrun.launcher <> - create msngr2::ICliToolContext
49 [136594039798720] INFO perfrun.launcher <> - create file finder object
49 [136594039798720] INFO perfrun.launcher <> - create a result directory: pattern = /home/fmahling/hdp-profiling-session/cmake-build-info-release/r000ps pid = 4294967295
51 [136594039798720] INFO perfrun.sdk <> - checked that the directory /home/fmahling/hdp-profiling-session/cmake-build-info-release/r000ps is a local directory
51 [136594039798720] INFO perfrun.sdk <> - the directory /home/fmahling/hdp-profiling-session/cmake-build-info-release/r000ps is a local directory with FS type ID 61267
51 [136594039798720] INFO perfrun.launcher <> - create data directory = /home/fmahling/hdp-profiling-session/cmake-build-info-release/r000ps/data.0
51 [136594039798720] INFO perfrun.launcher <> - Creating the master collection flag
51 [136594039798720] INFO perfrun.launcher <> - Done creating the master collection flag
55 [136593811703488] INFO perfrun.launcher <> - plugin [remoteplug] was disabled because it doesn't support the given collection type.
55 [136593811703488] INFO perfrun.system <> - online nodes : 0
55 [136593811703488] INFO perfrun.system <> - nodes with cpus : 0
55 [136593811703488] INFO perfrun.system <> - nodes with memory : 0
59 [136593811703488] INFO perfrun.sdk <> - Allocating TMU :/home/fmahling/hdp-profiling-session/cmake-build-info-release/r000ps/data.0/systemcollector-1090812-des-node03.sc
59 [136593811703488] INFO perfrun.launcher <> - plugin [itt] was disabled because it doesn't support the given collection type.
59 [136593811703488] INFO perfrun.launcher <> - plugin [ptracecollector] was disabled because it doesn't support the given collection type.
59 [136593811703488] INFO perfrun.launcher <> - plugin [gpu] was disabled because it doesn't support the given collection type.
59 [136593811703488] INFO perfrun.launcher <> - plugin [] was disabled because it doesn't support the given collection type.
59 [136593811703488] INFO perfrun.launcher <> - plugin [] was disabled because it doesn't support the given collection type.
59 [136593811703488] INFO perfrun.launcher <> - plugin [] was disabled because it doesn't support the given collection type.
59 [136593811703488] INFO perfrun.mrte <> - system-wide mode is 0
59 [136593811703488] INFO perfrun.mrte <> - Getting  mrte profiling environment ...
67 [136593811703488] INFO perfrun.mrte <> - INTEL_MRTE_DATA_DIR=/home/fmahling/hdp-profiling-session/cmake-build-info-release/r000ps/data.0
67 [136593811703488] INFO perfrun.mrte <> - INTEL_MRTE_HOST_NAME=des-node03
67 [136593811703488] INFO perfrun.mrte <> - JAVA_TOOL_OPTIONS=-agentlib:amplxe_samplingmrte_javaprof_1.0 -Dsun.boot.library.path=/opt/intel/oneapi/vtune/2025.0/lib32/runtime:/opt/intel/oneapi/vtune/2025.0/lib64/runtime
67 [136593811703488] INFO perfrun.mrte <> - LD_LIBRARY_PATH=/opt/intel/oneapi/vtune/2025.0/lib32/runtime:/opt/intel/oneapi/vtune/2025.0/lib64/runtime
67 [136593811703488] INFO perfrun.mrte <> - CORECLR_ENABLE_PROFILING=1
67 [136593811703488] INFO perfrun.mrte <> - CORECLR_PROFILER={AA5E4821-E3B1-479c-B7FF-5AD047D22CED}
67 [136593811703488] INFO perfrun.mrte <> - CORECLR_PROFILER_PATH=/opt/intel/oneapi/vtune/2025.0/lib64/libamplxe_samplingmrte_clrprof_1.0.so
67 [136593811703488] INFO perfrun.mrte <> - INTEL_MRTE_PROFILER_MODE=mixed
67 [136593811703488] INFO perfrun.mrte <> - Data directory: /home/fmahling/hdp-profiling-session/cmake-build-info-release/r000ps/data.0
67 [136593811703488] INFO perfrun.mrte <> - Mrte plugin is initialized
67 [136593811703488] INFO perfrun.launcher <> - plugin [emon] was disabled because it doesn't support the given collection type.
67 [136593811703488] INFO perfrun.launcher <> - plugin [cuscol] was disabled because it doesn't support the given collection type.
67 [136593811703488] INFO perfrun.launcher <> - plugin [stdsrc] was disabled because it doesn't support the given collection type.
67 [136593811703488] INFO perfrun.launcher <> - plugin [sep] was disabled because it doesn't support the given collection type.
67 [136593811703488] INFO perfrun.launcher <> - plugin [vtsspp] was disabled because it doesn't support the given collection type.
67 [136593811703488] INFO perfrun.perfcollector <> - Platform type: 127
67 [136593811703488] INFO perfrun.sdk <> - Reading value (-1) from file: /proc/sys/kernel/perf_event_paranoid
67 [136593811703488] INFO perfrun.perfcollector <> - checking access to: /opt/intel/oneapi/vtune/2025.0/bin64/amplxe-perf-priv
67 [136593811703488] INFO perfrun.perfcollector <> - dir found: /sys/bus/event_source/devices/uncore_cha_1
67 [136593811703488] INFO perfrun.perfcollector <> - format: event: config:0-7, mask:0-7
67 [136593811703488] INFO perfrun.perfcollector <> - format: filter_rem: config1:32, mask:32
67 [136593811703488] INFO perfrun.perfcollector <> - format: filter_opc0: config1:41-50, mask:41-50
67 [136593811703488] INFO perfrun.perfcollector <> - format: edge: config:18, mask:18
67 [136593811703488] INFO perfrun.perfcollector <> - format: filter_isoc: config1:63, mask:63
67 [136593811703488] INFO perfrun.perfcollector <> - format: filter_tid: config1:0-8, mask:0-8
67 [136593811703488] INFO perfrun.perfcollector <> - format: filter_loc: config1:33, mask:33
67 [136593811703488] INFO perfrun.perfcollector <> - format: filter_nc: config1:62, mask:62
67 [136593811703488] INFO perfrun.perfcollector <> - format: inv: config:23, mask:23
67 [136593811703488] INFO perfrun.perfcollector <> - format: umask: config:8-15, mask:8-15
67 [136593811703488] INFO perfrun.perfcollector <> - format: filter_opc1: config1:51-60, mask:51-60
67 [136593811703488] INFO perfrun.perfcollector <> - format: tid_en: config:19, mask:19
67 [136593811703488] INFO perfrun.perfcollector <> - format: thresh: config:24-31, mask:24-31
67 [136593811703488] INFO perfrun.perfcollector <> - format: filter_all_op: config1:35, mask:35
67 [136593811703488] INFO perfrun.perfcollector <> - format: filter_not_nm: config1:37, mask:37
67 [136593811703488] INFO perfrun.perfcollector <> - format: filter_state: config1:17-26, mask:17-26
67 [136593811703488] INFO perfrun.perfcollector <> - format: filter_nm: config1:36, mask:36
67 [136593811703488] INFO perfrun.perfcollector <> - hwInfo: PERF_CHA_PMU_DETAILS
67 [136593811703488] INFO perfrun.perfcollector <> - pmu caps: raw,format
67 [136593811703488] INFO perfrun.perfcollector <> - pmu added: uncore_cha, idx: 1
67 [136593811703488] INFO perfrun.perfcollector <> - dir found: /sys/bus/event_source/devices/uncore_cha_24
67 [136593811703488] INFO perfrun.perfcollector <> - format: event: config:0-7, mask:0-7
67 [136593811703488] INFO perfrun.perfcollector <> - format: filter_rem: config1:32, mask:32
67 [136593811703488] INFO perfrun.perfcollector <> - format: filter_opc0: config1:41-50, mask:41-50
67 [136593811703488] INFO perfrun.perfcollector <> - format: edge: config:18, mask:18
67 [136593811703488] INFO perfrun.perfcollector <> - format: filter_isoc: config1:63, mask:63
67 [136593811703488] INFO perfrun.perfcollector <> - format: filter_tid: config1:0-8, mask:0-8
67 [136593811703488] INFO perfrun.perfcollector <> - format: filter_loc: config1:33, mask:33
67 [136593811703488] INFO perfrun.perfcollector <> - format: filter_nc: config1:62, mask:62
67 [136593811703488] INFO perfrun.perfcollector <> - format: inv: config:23, mask:23
67 [136593811703488] INFO perfrun.perfcollector <> - format: umask: config:8-15, mask:8-15
67 [136593811703488] INFO perfrun.perfcollector <> - format: filter_opc1: config1:51-60, mask:51-60
67 [136593811703488] INFO perfrun.perfcollector <> - format: tid_en: config:19, mask:19
67 [136593811703488] INFO perfrun.perfcollector <> - format: thresh: config:24-31, mask:24-31
67 [136593811703488] INFO perfrun.perfcollector <> - format: filter_all_op: config1:35, mask:35
67 [136593811703488] INFO perfrun.perfcollector <> - format: filter_not_nm: config1:37, mask:37
67 [136593811703488] INFO perfrun.perfcollector <> - format: filter_state: config1:17-26, mask:17-26
67 [136593811703488] INFO perfrun.perfcollector <> - format: filter_nm: config1:36, mask:36
67 [136593811703488] INFO perfrun.perfcollector <> - hwInfo: PERF_CHA_PMU_DETAILS
67 [136593811703488] INFO perfrun.perfcollector <> - pmu caps: raw,format
67 [136593811703488] INFO perfrun.perfcollector <> - pmu added: uncore_cha, idx: 24
67 [136593811703488] INFO perfrun.perfcollector <> - dir found: /sys/bus/event_source/devices/uncore_irp_3
68 [136593811703488] INFO perfrun.perfcollector <> - format: event: config:0-7, mask:0-7
68 [136593811703488] INFO perfrun.perfcollector <> - format: edge: config:18, mask:18
68 [136593811703488] INFO perfrun.perfcollector <> - format: inv: config:23, mask:23
68 [136593811703488] INFO perfrun.perfcollector <> - format: umask: config:8-15, mask:8-15
68 [136593811703488] INFO perfrun.perfcollector <> - format: thresh: config:24-31, mask:24-31
68 [136593811703488] INFO perfrun.perfcollector <> - hwInfo: PERF_IRP_PMU_DETAILS
68 [136593811703488] INFO perfrun.perfcollector <> - pmu caps: raw,format
68 [136593811703488] INFO perfrun.perfcollector <> - pmu added: uncore_irp, idx: 3
68 [136593811703488] INFO perfrun.perfcollector <> - dir found: /sys/bus/event_source/devices/software
68 [136593811703488] INFO perfrun.perfcollector <> - format: pmu format subdir doesn't exist
68 [136593811703488] INFO perfrun.perfcollector <> - hwInfo: not set, pmuFam: software
68 [136593811703488] INFO perfrun.perfcollector <> - pmu added: software, idx: 0
68 [136593811703488] INFO perfrun.perfcollector <> - dir found: /sys/bus/event_source/devices/uncore_cha_14
68 [136593811703488] INFO perfrun.perfcollector <> - format: event: config:0-7, mask:0-7
68 [136593811703488] INFO perfrun.perfcollector <> - format: filter_rem: config1:32, mask:32
68 [136593811703488] INFO perfrun.perfcollector <> - format: filter_opc0: config1:41-50, mask:41-50
68 [136593811703488] INFO perfrun.perfcollector <> - format: edge: config:18, mask:18
68 [136593811703488] INFO perfrun.perfcollector <> - format: filter_isoc: config1:63, mask:63
68 [136593811703488] INFO perfrun.perfcollector <> - format: filter_tid: config1:0-8, mask:0-8
68 [136593811703488] INFO perfrun.perfcollector <> - format: filter_loc: config1:33, mask:33
68 [136593811703488] INFO perfrun.perfcollector <> - format: filter_nc: config1:62, mask:62
68 [136593811703488] INFO perfrun.perfcollector <> - format: inv: config:23, mask:23
68 [136593811703488] INFO perfrun.perfcollector <> - format: umask: config:8-15, mask:8-15
68 [136593811703488] INFO perfrun.perfcollector <> - format: filter_opc1: config1:51-60, mask:51-60
68 [136593811703488] INFO perfrun.perfcollector <> - format: tid_en: config:19, mask:19
68 [136593811703488] INFO perfrun.perfcollector <> - format: thresh: config:24-31, mask:24-31
68 [136593811703488] INFO perfrun.perfcollector <> - format: filter_all_op: config1:35, mask:35
68 [136593811703488] INFO perfrun.perfcollector <> - format: filter_not_nm: config1:37, mask:37
68 [136593811703488] INFO perfrun.perfcollector <> - format: filter_state: config1:17-26, mask:17-26
68 [136593811703488] INFO perfrun.perfcollector <> - format: filter_nm: config1:36, mask:36
68 [136593811703488] INFO perfrun.perfcollector <> - hwInfo: PERF_CHA_PMU_DETAILS
68 [136593811703488] INFO perfrun.perfcollector <> - pmu caps: raw,format
68 [136593811703488] INFO perfrun.perfcollector <> - pmu added: uncore_cha, idx: 14
68 [136593811703488] INFO perfrun.perfcollector <> - dir found: /sys/bus/event_source/devices/uncore_imc_5
68 [136593811703488] INFO perfrun.perfcollector <> - format: event: config:0-7, mask:0-7
68 [136593811703488] INFO perfrun.perfcollector <> - format: edge: config:18, mask:18
68 [136593811703488] INFO perfrun.perfcollector <> - format: inv: config:23, mask:23
68 [136593811703488] INFO perfrun.perfcollector <> - format: umask: config:8-15, mask:8-15
68 [136593811703488] INFO perfrun.perfcollector <> - format: thresh: config:24-31, mask:24-31
68 [136593811703488] INFO perfrun.perfcollector <> - hwInfo: PERF_IMC_PMU_DETAILS
68 [136593811703488] INFO perfrun.perfcollector <> - pmu caps: raw,format,events
68 [136593811703488] INFO perfrun.perfcollector <> - pmu added: uncore_imc, idx: 5
68 [136593811703488] INFO perfrun.perfcollector <> - dir found: /sys/bus/event_source/devices/uncore_m3upi_0
68 [136593811703488] INFO perfrun.perfcollector <> - format: event: config:0-7, mask:0-7
68 [136593811703488] INFO perfrun.perfcollector <> - format: edge: config:18, mask:18
68 [136593811703488] INFO perfrun.perfcollector <> - format: inv: config:23, mask:23
68 [136593811703488] INFO perfrun.perfcollector <> - format: umask: config:8-15, mask:8-15
68 [136593811703488] INFO perfrun.perfcollector <> - format: thresh: config:24-31, mask:24-31
68 [136593811703488] INFO perfrun.perfcollector <> - hwInfo: not set, pmuFam: uncore_m3upi
68 [136593811703488] INFO perfrun.perfcollector <> - pmu caps: raw,format
68 [136593811703488] INFO perfrun.perfcollector <> - pmu added: uncore_m3upi, idx: 0
68 [136593811703488] INFO perfrun.perfcollector <> - dir found: /sys/bus/event_source/devices/uncore_iio_free_running_5
68 [136593811703488] INFO perfrun.perfcollector <> - format: event: config:0-7, mask:0-7
68 [136593811703488] INFO perfrun.perfcollector <> - format: umask: config:8-15, mask:8-15
68 [136593811703488] INFO perfrun.perfcollector <> - hwInfo: not set, pmuFam: uncore_iio_free_running
68 [136593811703488] INFO perfrun.perfcollector <> - pmu caps: raw,format,events
68 [136593811703488] INFO perfrun.perfcollector <> - pmu added: uncore_iio_free_running, idx: 5
68 [136593811703488] INFO perfrun.perfcollector <> - dir found: /sys/bus/event_source/devices/uncore_cha_22
68 [136593811703488] INFO perfrun.perfcollector <> - format: event: config:0-7, mask:0-7
68 [136593811703488] INFO perfrun.perfcollector <> - format: filter_rem: config1:32, mask:32
68 [136593811703488] INFO perfrun.perfcollector <> - format: filter_opc0: config1:41-50, mask:41-50
68 [136593811703488] INFO perfrun.perfcollector <> - format: edge: config:18, mask:18
68 [136593811703488] INFO perfrun.perfcollector <> - format: filter_isoc: config1:63, mask:63
68 [136593811703488] INFO perfrun.perfcollector <> - format: filter_tid: config1:0-8, mask:0-8
68 [136593811703488] INFO perfrun.perfcollector <> - format: filter_loc: config1:33, mask:33
68 [136593811703488] INFO perfrun.perfcollector <> - format: filter_nc: config1:62, mask:62
68 [136593811703488] INFO perfrun.perfcollector <> - format: inv: config:23, mask:23
68 [136593811703488] INFO perfrun.perfcollector <> - format: umask: config:8-15, mask:8-15
68 [136593811703488] INFO perfrun.perfcollector <> - format: filter_opc1: config1:51-60, mask:51-60
68 [136593811703488] INFO perfrun.perfcollector <> - format: tid_en: config:19, mask:19
68 [136593811703488] INFO perfrun.perfcollector <> - format: thresh: config:24-31, mask:24-31
68 [136593811703488] INFO perfrun.perfcollector <> - format: filter_all_op: config1:35, mask:35
68 [136593811703488] INFO perfrun.perfcollector <> - format: filter_not_nm: config1:37, mask:37
68 [136593811703488] INFO perfrun.perfcollector <> - format: filter_state: config1:17-26, mask:17-26
68 [136593811703488] INFO perfrun.perfcollector <> - format: filter_nm: config1:36, mask:36
68 [136593811703488] INFO perfrun.perfcollector <> - hwInfo: PERF_CHA_PMU_DETAILS
68 [136593811703488] INFO perfrun.perfcollector <> - pmu caps: raw,format
68 [136593811703488] INFO perfrun.perfcollector <> - pmu added: uncore_cha, idx: 22
68 [136593811703488] INFO perfrun.perfcollector <> - dir found: /sys/bus/event_source/devices/uncore_irp_1
69 [136593811703488] INFO perfrun.perfcollector <> - format: event: config:0-7, mask:0-7
69 [136593811703488] INFO perfrun.perfcollector <> - format: edge: config:18, mask:18
69 [136593811703488] INFO perfrun.perfcollector <> - format: inv: config:23, mask:23
69 [136593811703488] INFO perfrun.perfcollector <> - format: umask: config:8-15, mask:8-15
69 [136593811703488] INFO perfrun.perfcollector <> - format: thresh: config:24-31, mask:24-31
69 [136593811703488] INFO perfrun.perfcollector <> - hwInfo: PERF_IRP_PMU_DETAILS
69 [136593811703488] INFO perfrun.perfcollector <> - pmu caps: raw,format
69 [136593811703488] INFO perfrun.perfcollector <> - pmu added: uncore_irp, idx: 1
69 [136593811703488] INFO perfrun.perfcollector <> - dir found: /sys/bus/event_source/devices/uncore_m2m_1
69 [136593811703488] INFO perfrun.perfcollector <> - format: event: config:0-7, mask:0-7
69 [136593811703488] INFO perfrun.perfcollector <> - format: edge: config:18, mask:18
69 [136593811703488] INFO perfrun.perfcollector <> - format: inv: config:23, mask:23
69 [136593811703488] INFO perfrun.perfcollector <> - format: umask: config:8-15, mask:8-15
69 [136593811703488] INFO perfrun.perfcollector <> - format: thresh: config:24-31, mask:24-31
69 [136593811703488] INFO perfrun.perfcollector <> - hwInfo: PERF_M2M_PMU_DETAILS
69 [136593811703488] INFO perfrun.perfcollector <> - pmu caps: raw,format
69 [136593811703488] INFO perfrun.perfcollector <> - pmu added: uncore_m2m, idx: 1
69 [136593811703488] INFO perfrun.perfcollector <> - dir found: /sys/bus/event_source/devices/uncore_cha_12
69 [136593811703488] INFO perfrun.perfcollector <> - format: event: config:0-7, mask:0-7
69 [136593811703488] INFO perfrun.perfcollector <> - format: filter_rem: config1:32, mask:32
69 [136593811703488] INFO perfrun.perfcollector <> - format: filter_opc0: config1:41-50, mask:41-50
69 [136593811703488] INFO perfrun.perfcollector <> - format: edge: config:18, mask:18
69 [136593811703488] INFO perfrun.perfcollector <> - format: filter_isoc: config1:63, mask:63
69 [136593811703488] INFO perfrun.perfcollector <> - format: filter_tid: config1:0-8, mask:0-8
69 [136593811703488] INFO perfrun.perfcollector <> - format: filter_loc: config1:33, mask:33
69 [136593811703488] INFO perfrun.perfcollector <> - format: filter_nc: config1:62, mask:62
69 [136593811703488] INFO perfrun.perfcollector <> - format: inv: config:23, mask:23
69 [136593811703488] INFO perfrun.perfcollector <> - format: umask: config:8-15, mask:8-15
69 [136593811703488] INFO perfrun.perfcollector <> - format: filter_opc1: config1:51-60, mask:51-60
69 [136593811703488] INFO perfrun.perfcollector <> - format: tid_en: config:19, mask:19
69 [136593811703488] INFO perfrun.perfcollector <> - format: thresh: config:24-31, mask:24-31
69 [136593811703488] INFO perfrun.perfcollector <> - format: filter_all_op: config1:35, mask:35
69 [136593811703488] INFO perfrun.perfcollector <> - format: filter_not_nm: config1:37, mask:37
69 [136593811703488] INFO perfrun.perfcollector <> - format: filter_state: config1:17-26, mask:17-26
69 [136593811703488] INFO perfrun.perfcollector <> - format: filter_nm: config1:36, mask:36
69 [136593811703488] INFO perfrun.perfcollector <> - hwInfo: PERF_CHA_PMU_DETAILS
69 [136593811703488] INFO perfrun.perfcollector <> - pmu caps: raw,format
69 [136593811703488] INFO perfrun.perfcollector <> - pmu added: uncore_cha, idx: 12
69 [136593811703488] INFO perfrun.perfcollector <> - dir found: /sys/bus/event_source/devices/uncore_imc_3
69 [136593811703488] INFO perfrun.perfcollector <> - format: event: config:0-7, mask:0-7
69 [136593811703488] INFO perfrun.perfcollector <> - format: edge: config:18, mask:18
69 [136593811703488] INFO perfrun.perfcollector <> - format: inv: config:23, mask:23
69 [136593811703488] INFO perfrun.perfcollector <> - format: umask: config:8-15, mask:8-15
69 [136593811703488] INFO perfrun.perfcollector <> - format: thresh: config:24-31, mask:24-31
69 [136593811703488] INFO perfrun.perfcollector <> - hwInfo: PERF_IMC_PMU_DETAILS
69 [136593811703488] INFO perfrun.perfcollector <> - pmu caps: raw,format,events
69 [136593811703488] INFO perfrun.perfcollector <> - pmu added: uncore_imc, idx: 3
69 [136593811703488] INFO perfrun.perfcollector <> - dir found: /sys/bus/event_source/devices/uncore_cha_8
69 [136593811703488] INFO perfrun.perfcollector <> - format: event: config:0-7, mask:0-7
69 [136593811703488] INFO perfrun.perfcollector <> - format: filter_rem: config1:32, mask:32
69 [136593811703488] INFO perfrun.perfcollector <> - format: filter_opc0: config1:41-50, mask:41-50
69 [136593811703488] INFO perfrun.perfcollector <> - format: edge: config:18, mask:18
69 [136593811703488] INFO perfrun.perfcollector <> - format: filter_isoc: config1:63, mask:63
69 [136593811703488] INFO perfrun.perfcollector <> - format: filter_tid: config1:0-8, mask:0-8
69 [136593811703488] INFO perfrun.perfcollector <> - format: filter_loc: config1:33, mask:33
69 [136593811703488] INFO perfrun.perfcollector <> - format: filter_nc: config1:62, mask:62
69 [136593811703488] INFO perfrun.perfcollector <> - format: inv: config:23, mask:23
69 [136593811703488] INFO perfrun.perfcollector <> - format: umask: config:8-15, mask:8-15
69 [136593811703488] INFO perfrun.perfcollector <> - format: filter_opc1: config1:51-60, mask:51-60
69 [136593811703488] INFO perfrun.perfcollector <> - format: tid_en: config:19, mask:19
69 [136593811703488] INFO perfrun.perfcollector <> - format: thresh: config:24-31, mask:24-31
69 [136593811703488] INFO perfrun.perfcollector <> - format: filter_all_op: config1:35, mask:35
69 [136593811703488] INFO perfrun.perfcollector <> - format: filter_not_nm: config1:37, mask:37
69 [136593811703488] INFO perfrun.perfcollector <> - format: filter_state: config1:17-26, mask:17-26
69 [136593811703488] INFO perfrun.perfcollector <> - format: filter_nm: config1:36, mask:36
69 [136593811703488] INFO perfrun.perfcollector <> - hwInfo: PERF_CHA_PMU_DETAILS
69 [136593811703488] INFO perfrun.perfcollector <> - pmu caps: raw,format
69 [136593811703488] INFO perfrun.perfcollector <> - pmu added: uncore_cha, idx: 8
69 [136593811703488] INFO perfrun.perfcollector <> - dir found: /sys/bus/event_source/devices/uncore_iio_free_running_3
69 [136593811703488] INFO perfrun.perfcollector <> - format: event: config:0-7, mask:0-7
69 [136593811703488] INFO perfrun.perfcollector <> - format: umask: config:8-15, mask:8-15
69 [136593811703488] INFO perfrun.perfcollector <> - hwInfo: not set, pmuFam: uncore_iio_free_running
69 [136593811703488] INFO perfrun.perfcollector <> - pmu caps: raw,format,events
69 [136593811703488] INFO perfrun.perfcollector <> - pmu added: uncore_iio_free_running, idx: 3
70 [136593811703488] INFO perfrun.perfcollector <> - dir found: /sys/bus/event_source/devices/uncore_cha_20
70 [136593811703488] INFO perfrun.perfcollector <> - format: event: config:0-7, mask:0-7
70 [136593811703488] INFO perfrun.perfcollector <> - format: filter_rem: config1:32, mask:32
70 [136593811703488] INFO perfrun.perfcollector <> - format: filter_opc0: config1:41-50, mask:41-50
70 [136593811703488] INFO perfrun.perfcollector <> - format: edge: config:18, mask:18
70 [136593811703488] INFO perfrun.perfcollector <> - format: filter_isoc: config1:63, mask:63
70 [136593811703488] INFO perfrun.perfcollector <> - format: filter_tid: config1:0-8, mask:0-8
70 [136593811703488] INFO perfrun.perfcollector <> - format: filter_loc: config1:33, mask:33
70 [136593811703488] INFO perfrun.perfcollector <> - format: filter_nc: config1:62, mask:62
70 [136593811703488] INFO perfrun.perfcollector <> - format: inv: config:23, mask:23
70 [136593811703488] INFO perfrun.perfcollector <> - format: umask: config:8-15, mask:8-15
70 [136593811703488] INFO perfrun.perfcollector <> - format: filter_opc1: config1:51-60, mask:51-60
70 [136593811703488] INFO perfrun.perfcollector <> - format: tid_en: config:19, mask:19
70 [136593811703488] INFO perfrun.perfcollector <> - format: thresh: config:24-31, mask:24-31
70 [136593811703488] INFO perfrun.perfcollector <> - format: filter_all_op: config1:35, mask:35
70 [136593811703488] INFO perfrun.perfcollector <> - format: filter_not_nm: config1:37, mask:37
70 [136593811703488] INFO perfrun.perfcollector <> - format: filter_state: config1:17-26, mask:17-26
70 [136593811703488] INFO perfrun.perfcollector <> - format: filter_nm: config1:36, mask:36
70 [136593811703488] INFO perfrun.perfcollector <> - hwInfo: PERF_CHA_PMU_DETAILS
70 [136593811703488] INFO perfrun.perfcollector <> - pmu caps: raw,format
70 [136593811703488] INFO perfrun.perfcollector <> - pmu added: uncore_cha, idx: 20
70 [136593811703488] INFO perfrun.perfcollector <> - dir found: /sys/bus/event_source/devices/uncore_cha_10
70 [136593811703488] INFO perfrun.perfcollector <> - format: event: config:0-7, mask:0-7
70 [136593811703488] INFO perfrun.perfcollector <> - format: filter_rem: config1:32, mask:32
70 [136593811703488] INFO perfrun.perfcollector <> - format: filter_opc0: config1:41-50, mask:41-50
70 [136593811703488] INFO perfrun.perfcollector <> - format: edge: config:18, mask:18
70 [136593811703488] INFO perfrun.perfcollector <> - format: filter_isoc: config1:63, mask:63
70 [136593811703488] INFO perfrun.perfcollector <> - format: filter_tid: config1:0-8, mask:0-8
70 [136593811703488] INFO perfrun.perfcollector <> - format: filter_loc: config1:33, mask:33
70 [136593811703488] INFO perfrun.perfcollector <> - format: filter_nc: config1:62, mask:62
70 [136593811703488] INFO perfrun.perfcollector <> - format: inv: config:23, mask:23
70 [136593811703488] INFO perfrun.perfcollector <> - format: umask: config:8-15, mask:8-15
70 [136593811703488] INFO perfrun.perfcollector <> - format: filter_opc1: config1:51-60, mask:51-60
70 [136593811703488] INFO perfrun.perfcollector <> - format: tid_en: config:19, mask:19
70 [136593811703488] INFO perfrun.perfcollector <> - format: thresh: config:24-31, mask:24-31
70 [136593811703488] INFO perfrun.perfcollector <> - format: filter_all_op: config1:35, mask:35
70 [136593811703488] INFO perfrun.perfcollector <> - format: filter_not_nm: config1:37, mask:37
70 [136593811703488] INFO perfrun.perfcollector <> - format: filter_state: config1:17-26, mask:17-26
70 [136593811703488] INFO perfrun.perfcollector <> - format: filter_nm: config1:36, mask:36
70 [136593811703488] INFO perfrun.perfcollector <> - hwInfo: PERF_CHA_PMU_DETAILS
70 [136593811703488] INFO perfrun.perfcollector <> - pmu caps: raw,format
70 [136593811703488] INFO perfrun.perfcollector <> - pmu added: uncore_cha, idx: 10
70 [136593811703488] INFO perfrun.perfcollector <> - dir found: /sys/bus/event_source/devices/uncore_imc_1
70 [136593811703488] INFO perfrun.perfcollector <> - format: event: config:0-7, mask:0-7
70 [136593811703488] INFO perfrun.perfcollector <> - format: edge: config:18, mask:18
70 [136593811703488] INFO perfrun.perfcollector <> - format: inv: config:23, mask:23
70 [136593811703488] INFO perfrun.perfcollector <> - format: umask: config:8-15, mask:8-15
70 [136593811703488] INFO perfrun.perfcollector <> - format: thresh: config:24-31, mask:24-31
70 [136593811703488] INFO perfrun.perfcollector <> - hwInfo: PERF_IMC_PMU_DETAILS
70 [136593811703488] INFO perfrun.perfcollector <> - pmu caps: raw,format,events
70 [136593811703488] INFO perfrun.perfcollector <> - pmu added: uncore_imc, idx: 1
70 [136593811703488] INFO perfrun.perfcollector <> - dir found: /sys/bus/event_source/devices/uncore_upi_1
70 [136593811703488] INFO perfrun.perfcollector <> - format: event: config:0-7, mask:0-7
70 [136593811703488] INFO perfrun.perfcollector <> - format: edge: config:18, mask:18
70 [136593811703488] INFO perfrun.perfcollector <> - format: inv: config:23, mask:23
70 [136593811703488] INFO perfrun.perfcollector <> - format: umask: config:8-15,32-43,45-55, mask:8-15,32-43,45-55
70 [136593811703488] INFO perfrun.perfcollector <> - format: thresh: config:24-31, mask:24-31
70 [136593811703488] INFO perfrun.perfcollector <> - hwInfo: PERF_UPI_PMU_DETAILS
70 [136593811703488] INFO perfrun.perfcollector <> - pmu caps: raw,format
70 [136593811703488] INFO perfrun.perfcollector <> - pmu added: uncore_upi, idx: 1
70 [136593811703488] INFO perfrun.perfcollector <> - dir found: /sys/bus/event_source/devices/power
70 [136593811703488] INFO perfrun.perfcollector <> - format: event: config:0-7, mask:0-7
70 [136593811703488] INFO perfrun.perfcollector <> - hwInfo: not set, pmuFam: power
70 [136593811703488] INFO perfrun.perfcollector <> - pmu caps: raw,format,events
70 [136593811703488] INFO perfrun.perfcollector <> - pmu added: power, idx: 0
70 [136593811703488] INFO perfrun.perfcollector <> - dir found: /sys/bus/event_source/devices/uncore_cha_6
70 [136593811703488] INFO perfrun.perfcollector <> - format: event: config:0-7, mask:0-7
70 [136593811703488] INFO perfrun.perfcollector <> - format: filter_rem: config1:32, mask:32
70 [136593811703488] INFO perfrun.perfcollector <> - format: filter_opc0: config1:41-50, mask:41-50
70 [136593811703488] INFO perfrun.perfcollector <> - format: edge: config:18, mask:18
70 [136593811703488] INFO perfrun.perfcollector <> - format: filter_isoc: config1:63, mask:63
70 [136593811703488] INFO perfrun.perfcollector <> - format: filter_tid: config1:0-8, mask:0-8
71 [136593811703488] INFO perfrun.perfcollector <> - format: filter_loc: config1:33, mask:33
71 [136593811703488] INFO perfrun.perfcollector <> - format: filter_nc: config1:62, mask:62
71 [136593811703488] INFO perfrun.perfcollector <> - format: inv: config:23, mask:23
71 [136593811703488] INFO perfrun.perfcollector <> - format: umask: config:8-15, mask:8-15
71 [136593811703488] INFO perfrun.perfcollector <> - format: filter_opc1: config1:51-60, mask:51-60
71 [136593811703488] INFO perfrun.perfcollector <> - format: tid_en: config:19, mask:19
71 [136593811703488] INFO perfrun.perfcollector <> - format: thresh: config:24-31, mask:24-31
71 [136593811703488] INFO perfrun.perfcollector <> - format: filter_all_op: config1:35, mask:35
71 [136593811703488] INFO perfrun.perfcollector <> - format: filter_not_nm: config1:37, mask:37
71 [136593811703488] INFO perfrun.perfcollector <> - format: filter_state: config1:17-26, mask:17-26
71 [136593811703488] INFO perfrun.perfcollector <> - format: filter_nm: config1:36, mask:36
71 [136593811703488] INFO perfrun.perfcollector <> - hwInfo: PERF_CHA_PMU_DETAILS
71 [136593811703488] INFO perfrun.perfcollector <> - pmu caps: raw,format
71 [136593811703488] INFO perfrun.perfcollector <> - pmu added: uncore_cha, idx: 6
71 [136593811703488] INFO perfrun.perfcollector <> - dir found: /sys/bus/event_source/devices/uncore_iio_free_running_1
71 [136593811703488] INFO perfrun.perfcollector <> - format: event: config:0-7, mask:0-7
71 [136593811703488] INFO perfrun.perfcollector <> - format: umask: config:8-15, mask:8-15
71 [136593811703488] INFO perfrun.perfcollector <> - hwInfo: not set, pmuFam: uncore_iio_free_running
71 [136593811703488] INFO perfrun.perfcollector <> - pmu caps: raw,format,events
71 [136593811703488] INFO perfrun.perfcollector <> - pmu added: uncore_iio_free_running, idx: 1
71 [136593811703488] INFO perfrun.perfcollector <> - dir found: /sys/bus/event_source/devices/uncore_cha_19
71 [136593811703488] INFO perfrun.perfcollector <> - format: event: config:0-7, mask:0-7
71 [136593811703488] INFO perfrun.perfcollector <> - format: filter_rem: config1:32, mask:32
71 [136593811703488] INFO perfrun.perfcollector <> - format: filter_opc0: config1:41-50, mask:41-50
71 [136593811703488] INFO perfrun.perfcollector <> - format: edge: config:18, mask:18
71 [136593811703488] INFO perfrun.perfcollector <> - format: filter_isoc: config1:63, mask:63
71 [136593811703488] INFO perfrun.perfcollector <> - format: filter_tid: config1:0-8, mask:0-8
71 [136593811703488] INFO perfrun.perfcollector <> - format: filter_loc: config1:33, mask:33
71 [136593811703488] INFO perfrun.perfcollector <> - format: filter_nc: config1:62, mask:62
71 [136593811703488] INFO perfrun.perfcollector <> - format: inv: config:23, mask:23
71 [136593811703488] INFO perfrun.perfcollector <> - format: umask: config:8-15, mask:8-15
71 [136593811703488] INFO perfrun.perfcollector <> - format: filter_opc1: config1:51-60, mask:51-60
71 [136593811703488] INFO perfrun.perfcollector <> - format: tid_en: config:19, mask:19
71 [136593811703488] INFO perfrun.perfcollector <> - format: thresh: config:24-31, mask:24-31
71 [136593811703488] INFO perfrun.perfcollector <> - format: filter_all_op: config1:35, mask:35
71 [136593811703488] INFO perfrun.perfcollector <> - format: filter_not_nm: config1:37, mask:37
71 [136593811703488] INFO perfrun.perfcollector <> - format: filter_state: config1:17-26, mask:17-26
71 [136593811703488] INFO perfrun.perfcollector <> - format: filter_nm: config1:36, mask:36
71 [136593811703488] INFO perfrun.perfcollector <> - hwInfo: PERF_CHA_PMU_DETAILS
71 [136593811703488] INFO perfrun.perfcollector <> - pmu caps: raw,format
71 [136593811703488] INFO perfrun.perfcollector <> - pmu added: uncore_cha, idx: 19
71 [136593811703488] INFO perfrun.perfcollector <> - dir found: /sys/bus/event_source/devices/uncore_iio_4
71 [136593811703488] INFO perfrun.perfcollector <> - format: event: config:0-7, mask:0-7
71 [136593811703488] INFO perfrun.perfcollector <> - format: edge: config:18, mask:18
71 [136593811703488] INFO perfrun.perfcollector <> - format: fc_mask: config:44-46, mask:44-46
71 [136593811703488] INFO perfrun.perfcollector <> - format: inv: config:23, mask:23
71 [136593811703488] INFO perfrun.perfcollector <> - format: umask: config:8-15, mask:8-15
71 [136593811703488] INFO perfrun.perfcollector <> - format: thresh: config:24-35, mask:24-35
71 [136593811703488] INFO perfrun.perfcollector <> - format: ch_mask: config:36-43, mask:36-43
71 [136593811703488] INFO perfrun.perfcollector <> - hwInfo: PERF_IIO_PMU_DETAILS
71 [136593811703488] INFO perfrun.perfcollector <> - pmu caps: raw,format
71 [136593811703488] INFO perfrun.perfcollector <> - pmu added: uncore_iio, idx: 4
71 [136593811703488] INFO perfrun.perfcollector <> - dir found: /sys/bus/event_source/devices/uprobe
71 [136593811703488] INFO perfrun.perfcollector <> - format: ref_ctr_offset: config:32-63, mask:32-63
71 [136593811703488] INFO perfrun.perfcollector <> - format: retprobe: config:0, mask:0
71 [136593811703488] INFO perfrun.perfcollector <> - hwInfo: not set, pmuFam: uprobe
71 [136593811703488] INFO perfrun.perfcollector <> - pmu caps: raw,format
71 [136593811703488] INFO perfrun.perfcollector <> - pmu added: uprobe, idx: 0
71 [136593811703488] INFO perfrun.perfcollector <> - dir found: /sys/bus/event_source/devices/intel_bts
71 [136593811703488] INFO perfrun.perfcollector <> - format: pmu format subdir doesn't exist
71 [136593811703488] INFO perfrun.perfcollector <> - hwInfo: not set, pmuFam: intel_bts
71 [136593811703488] INFO perfrun.perfcollector <> - pmu added: intel_bts, idx: 0
71 [136593811703488] INFO perfrun.perfcollector <> - dir found: /sys/bus/event_source/devices/cpu
71 [136593811703488] INFO perfrun.perfcollector <> - format: event: config:0-7, mask:0-7
71 [136593811703488] INFO perfrun.perfcollector <> - format: pc: config:19, mask:19
71 [136593811703488] INFO perfrun.perfcollector <> - format: edge: config:18, mask:18
71 [136593811703488] INFO perfrun.perfcollector <> - format: any: config:21, mask:21
71 [136593811703488] INFO perfrun.perfcollector <> - format: offcore_rsp: config1:0-63, mask:0-63
71 [136593811703488] INFO perfrun.perfcollector <> - format: ldlat: config1:0-15, mask:0-15
71 [136593811703488] INFO perfrun.perfcollector <> - format: inv: config:23, mask:23
71 [136593811703488] INFO perfrun.perfcollector <> - format: umask: config:8-15, mask:8-15
72 [136593811703488] INFO perfrun.perfcollector <> - format: frontend: config1:0-23, mask:0-23
72 [136593811703488] INFO perfrun.perfcollector <> - format: cmask: config:24-31, mask:24-31
72 [136593811703488] INFO perfrun.perfcollector <> - hwInfo: PERF_CPU_PMU_DETAILS
72 [136593811703488] INFO perfrun.perfcollector <> - pmu caps: raw,format,events,ldlat,frontend,offcore_rsp
72 [136593811703488] INFO perfrun.perfcollector <> - pmu added: cpu, idx: 0
72 [136593811703488] INFO perfrun.perfcollector <> - dir found: /sys/bus/event_source/devices/uncore_cha_4
72 [136593811703488] INFO perfrun.perfcollector <> - format: event: config:0-7, mask:0-7
72 [136593811703488] INFO perfrun.perfcollector <> - format: filter_rem: config1:32, mask:32
72 [136593811703488] INFO perfrun.perfcollector <> - format: filter_opc0: config1:41-50, mask:41-50
72 [136593811703488] INFO perfrun.perfcollector <> - format: edge: config:18, mask:18
72 [136593811703488] INFO perfrun.perfcollector <> - format: filter_isoc: config1:63, mask:63
72 [136593811703488] INFO perfrun.perfcollector <> - format: filter_tid: config1:0-8, mask:0-8
72 [136593811703488] INFO perfrun.perfcollector <> - format: filter_loc: config1:33, mask:33
72 [136593811703488] INFO perfrun.perfcollector <> - format: filter_nc: config1:62, mask:62
72 [136593811703488] INFO perfrun.perfcollector <> - format: inv: config:23, mask:23
72 [136593811703488] INFO perfrun.perfcollector <> - format: umask: config:8-15, mask:8-15
72 [136593811703488] INFO perfrun.perfcollector <> - format: filter_opc1: config1:51-60, mask:51-60
72 [136593811703488] INFO perfrun.perfcollector <> - format: tid_en: config:19, mask:19
72 [136593811703488] INFO perfrun.perfcollector <> - format: thresh: config:24-31, mask:24-31
72 [136593811703488] INFO perfrun.perfcollector <> - format: filter_all_op: config1:35, mask:35
72 [136593811703488] INFO perfrun.perfcollector <> - format: filter_not_nm: config1:37, mask:37
72 [136593811703488] INFO perfrun.perfcollector <> - format: filter_state: config1:17-26, mask:17-26
72 [136593811703488] INFO perfrun.perfcollector <> - format: filter_nm: config1:36, mask:36
72 [136593811703488] INFO perfrun.perfcollector <> - hwInfo: PERF_CHA_PMU_DETAILS
72 [136593811703488] INFO perfrun.perfcollector <> - pmu caps: raw,format
72 [136593811703488] INFO perfrun.perfcollector <> - pmu added: uncore_cha, idx: 4
72 [136593811703488] INFO perfrun.perfcollector <> - dir found: /sys/bus/event_source/devices/uncore_m2pcie_2
72 [136593811703488] INFO perfrun.perfcollector <> - format: event: config:0-7, mask:0-7
72 [136593811703488] INFO perfrun.perfcollector <> - format: edge: config:18, mask:18
72 [136593811703488] INFO perfrun.perfcollector <> - format: inv: config:23, mask:23
72 [136593811703488] INFO perfrun.perfcollector <> - format: umask: config:8-15, mask:8-15
72 [136593811703488] INFO perfrun.perfcollector <> - format: thresh: config:24-31, mask:24-31
72 [136593811703488] INFO perfrun.perfcollector <> - hwInfo: not set, pmuFam: uncore_m2pcie
72 [136593811703488] INFO perfrun.perfcollector <> - pmu caps: raw,format
72 [136593811703488] INFO perfrun.perfcollector <> - pmu added: uncore_m2pcie, idx: 2
72 [136593811703488] INFO perfrun.perfcollector <> - dir found: /sys/bus/event_source/devices/uncore_cha_17
72 [136593811703488] INFO perfrun.perfcollector <> - format: event: config:0-7, mask:0-7
72 [136593811703488] INFO perfrun.perfcollector <> - format: filter_rem: config1:32, mask:32
72 [136593811703488] INFO perfrun.perfcollector <> - format: filter_opc0: config1:41-50, mask:41-50
72 [136593811703488] INFO perfrun.perfcollector <> - format: edge: config:18, mask:18
72 [136593811703488] INFO perfrun.perfcollector <> - format: filter_isoc: config1:63, mask:63
72 [136593811703488] INFO perfrun.perfcollector <> - format: filter_tid: config1:0-8, mask:0-8
72 [136593811703488] INFO perfrun.perfcollector <> - format: filter_loc: config1:33, mask:33
72 [136593811703488] INFO perfrun.perfcollector <> - format: filter_nc: config1:62, mask:62
72 [136593811703488] INFO perfrun.perfcollector <> - format: inv: config:23, mask:23
72 [136593811703488] INFO perfrun.perfcollector <> - format: umask: config:8-15, mask:8-15
72 [136593811703488] INFO perfrun.perfcollector <> - format: filter_opc1: config1:51-60, mask:51-60
72 [136593811703488] INFO perfrun.perfcollector <> - format: tid_en: config:19, mask:19
72 [136593811703488] INFO perfrun.perfcollector <> - format: thresh: config:24-31, mask:24-31
72 [136593811703488] INFO perfrun.perfcollector <> - format: filter_all_op: config1:35, mask:35
72 [136593811703488] INFO perfrun.perfcollector <> - format: filter_not_nm: config1:37, mask:37
72 [136593811703488] INFO perfrun.perfcollector <> - format: filter_state: config1:17-26, mask:17-26
72 [136593811703488] INFO perfrun.perfcollector <> - format: filter_nm: config1:36, mask:36
72 [136593811703488] INFO perfrun.perfcollector <> - hwInfo: PERF_CHA_PMU_DETAILS
72 [136593811703488] INFO perfrun.perfcollector <> - pmu caps: raw,format
72 [136593811703488] INFO perfrun.perfcollector <> - pmu added: uncore_cha, idx: 17
72 [136593811703488] INFO perfrun.perfcollector <> - dir found: /sys/bus/event_source/devices/uncore_iio_2
72 [136593811703488] INFO perfrun.perfcollector <> - format: event: config:0-7, mask:0-7
72 [136593811703488] INFO perfrun.perfcollector <> - format: edge: config:18, mask:18
72 [136593811703488] INFO perfrun.perfcollector <> - format: fc_mask: config:44-46, mask:44-46
72 [136593811703488] INFO perfrun.perfcollector <> - format: inv: config:23, mask:23
72 [136593811703488] INFO perfrun.perfcollector <> - format: umask: config:8-15, mask:8-15
72 [136593811703488] INFO perfrun.perfcollector <> - format: thresh: config:24-35, mask:24-35
72 [136593811703488] INFO perfrun.perfcollector <> - format: ch_mask: config:36-43, mask:36-43
72 [136593811703488] INFO perfrun.perfcollector <> - hwInfo: PERF_IIO_PMU_DETAILS
72 [136593811703488] INFO perfrun.perfcollector <> - pmu caps: raw,format
72 [136593811703488] INFO perfrun.perfcollector <> - pmu added: uncore_iio, idx: 2
72 [136593811703488] INFO perfrun.perfcollector <> - dir found: /sys/bus/event_source/devices/cstate_core
72 [136593811703488] INFO perfrun.perfcollector <> - format: event: config:0-63, mask:0-63
72 [136593811703488] INFO perfrun.perfcollector <> - hwInfo: not set, pmuFam: cstate_core
73 [136593811703488] INFO perfrun.perfcollector <> - pmu caps: raw,format,events
73 [136593811703488] INFO perfrun.perfcollector <> - pmu added: cstate_core, idx: 0
73 [136593811703488] INFO perfrun.perfcollector <> - dir found: /sys/bus/event_source/devices/breakpoint
73 [136593811703488] INFO perfrun.perfcollector <> - format: pmu format subdir doesn't exist
73 [136593811703488] INFO perfrun.perfcollector <> - hwInfo: not set, pmuFam: breakpoint
73 [136593811703488] INFO perfrun.perfcollector <> - pmu added: breakpoint, idx: 0
73 [136593811703488] INFO perfrun.perfcollector <> - dir found: /sys/bus/event_source/devices/uncore_cha_2
73 [136593811703488] INFO perfrun.perfcollector <> - format: event: config:0-7, mask:0-7
73 [136593811703488] INFO perfrun.perfcollector <> - format: filter_rem: config1:32, mask:32
73 [136593811703488] INFO perfrun.perfcollector <> - format: filter_opc0: config1:41-50, mask:41-50
73 [136593811703488] INFO perfrun.perfcollector <> - format: edge: config:18, mask:18
73 [136593811703488] INFO perfrun.perfcollector <> - format: filter_isoc: config1:63, mask:63
73 [136593811703488] INFO perfrun.perfcollector <> - format: filter_tid: config1:0-8, mask:0-8
73 [136593811703488] INFO perfrun.perfcollector <> - format: filter_loc: config1:33, mask:33
73 [136593811703488] INFO perfrun.perfcollector <> - format: filter_nc: config1:62, mask:62
73 [136593811703488] INFO perfrun.perfcollector <> - format: inv: config:23, mask:23
73 [136593811703488] INFO perfrun.perfcollector <> - format: umask: config:8-15, mask:8-15
73 [136593811703488] INFO perfrun.perfcollector <> - format: filter_opc1: config1:51-60, mask:51-60
73 [136593811703488] INFO perfrun.perfcollector <> - format: tid_en: config:19, mask:19
73 [136593811703488] INFO perfrun.perfcollector <> - format: thresh: config:24-31, mask:24-31
73 [136593811703488] INFO perfrun.perfcollector <> - format: filter_all_op: config1:35, mask:35
73 [136593811703488] INFO perfrun.perfcollector <> - format: filter_not_nm: config1:37, mask:37
73 [136593811703488] INFO perfrun.perfcollector <> - format: filter_state: config1:17-26, mask:17-26
73 [136593811703488] INFO perfrun.perfcollector <> - format: filter_nm: config1:36, mask:36
73 [136593811703488] INFO perfrun.perfcollector <> - hwInfo: PERF_CHA_PMU_DETAILS
73 [136593811703488] INFO perfrun.perfcollector <> - pmu caps: raw,format
73 [136593811703488] INFO perfrun.perfcollector <> - pmu added: uncore_cha, idx: 2
73 [136593811703488] INFO perfrun.perfcollector <> - dir found: /sys/bus/event_source/devices/uncore_cha_25
73 [136593811703488] INFO perfrun.perfcollector <> - format: event: config:0-7, mask:0-7
73 [136593811703488] INFO perfrun.perfcollector <> - format: filter_rem: config1:32, mask:32
73 [136593811703488] INFO perfrun.perfcollector <> - format: filter_opc0: config1:41-50, mask:41-50
73 [136593811703488] INFO perfrun.perfcollector <> - format: edge: config:18, mask:18
73 [136593811703488] INFO perfrun.perfcollector <> - format: filter_isoc: config1:63, mask:63
73 [136593811703488] INFO perfrun.perfcollector <> - format: filter_tid: config1:0-8, mask:0-8
73 [136593811703488] INFO perfrun.perfcollector <> - format: filter_loc: config1:33, mask:33
73 [136593811703488] INFO perfrun.perfcollector <> - format: filter_nc: config1:62, mask:62
73 [136593811703488] INFO perfrun.perfcollector <> - format: inv: config:23, mask:23
73 [136593811703488] INFO perfrun.perfcollector <> - format: umask: config:8-15, mask:8-15
73 [136593811703488] INFO perfrun.perfcollector <> - format: filter_opc1: config1:51-60, mask:51-60
73 [136593811703488] INFO perfrun.perfcollector <> - format: tid_en: config:19, mask:19
73 [136593811703488] INFO perfrun.perfcollector <> - format: thresh: config:24-31, mask:24-31
73 [136593811703488] INFO perfrun.perfcollector <> - format: filter_all_op: config1:35, mask:35
73 [136593811703488] INFO perfrun.perfcollector <> - format: filter_not_nm: config1:37, mask:37
73 [136593811703488] INFO perfrun.perfcollector <> - format: filter_state: config1:17-26, mask:17-26
73 [136593811703488] INFO perfrun.perfcollector <> - format: filter_nm: config1:36, mask:36
73 [136593811703488] INFO perfrun.perfcollector <> - hwInfo: PERF_CHA_PMU_DETAILS
73 [136593811703488] INFO perfrun.perfcollector <> - pmu caps: raw,format
73 [136593811703488] INFO perfrun.perfcollector <> - pmu added: uncore_cha, idx: 25
73 [136593811703488] INFO perfrun.perfcollector <> - dir found: /sys/bus/event_source/devices/uncore_m2pcie_0
73 [136593811703488] INFO perfrun.perfcollector <> - format: event: config:0-7, mask:0-7
73 [136593811703488] INFO perfrun.perfcollector <> - format: edge: config:18, mask:18
73 [136593811703488] INFO perfrun.perfcollector <> - format: inv: config:23, mask:23
73 [136593811703488] INFO perfrun.perfcollector <> - format: umask: config:8-15, mask:8-15
73 [136593811703488] INFO perfrun.perfcollector <> - format: thresh: config:24-31, mask:24-31
73 [136593811703488] INFO perfrun.perfcollector <> - hwInfo: not set, pmuFam: uncore_m2pcie
73 [136593811703488] INFO perfrun.perfcollector <> - pmu caps: raw,format
73 [136593811703488] INFO perfrun.perfcollector <> - pmu added: uncore_m2pcie, idx: 0
73 [136593811703488] INFO perfrun.perfcollector <> - dir found: /sys/bus/event_source/devices/uncore_irp_4
73 [136593811703488] INFO perfrun.perfcollector <> - format: event: config:0-7, mask:0-7
73 [136593811703488] INFO perfrun.perfcollector <> - format: edge: config:18, mask:18
73 [136593811703488] INFO perfrun.perfcollector <> - format: inv: config:23, mask:23
73 [136593811703488] INFO perfrun.perfcollector <> - format: umask: config:8-15, mask:8-15
73 [136593811703488] INFO perfrun.perfcollector <> - format: thresh: config:24-31, mask:24-31
73 [136593811703488] INFO perfrun.perfcollector <> - hwInfo: PERF_IRP_PMU_DETAILS
73 [136593811703488] INFO perfrun.perfcollector <> - pmu caps: raw,format
73 [136593811703488] INFO perfrun.perfcollector <> - pmu added: uncore_irp, idx: 4
73 [136593811703488] INFO perfrun.perfcollector <> - dir found: /sys/bus/event_source/devices/uncore_cha_15
73 [136593811703488] INFO perfrun.perfcollector <> - format: event: config:0-7, mask:0-7
73 [136593811703488] INFO perfrun.perfcollector <> - format: filter_rem: config1:32, mask:32
73 [136593811703488] INFO perfrun.perfcollector <> - format: filter_opc0: config1:41-50, mask:41-50
73 [136593811703488] INFO perfrun.perfcollector <> - format: edge: config:18, mask:18
73 [136593811703488] INFO perfrun.perfcollector <> - format: filter_isoc: config1:63, mask:63
73 [136593811703488] INFO perfrun.perfcollector <> - format: filter_tid: config1:0-8, mask:0-8
73 [136593811703488] INFO perfrun.perfcollector <> - format: filter_loc: config1:33, mask:33
73 [136593811703488] INFO perfrun.perfcollector <> - format: filter_nc: config1:62, mask:62
74 [136593811703488] INFO perfrun.perfcollector <> - format: inv: config:23, mask:23
74 [136593811703488] INFO perfrun.perfcollector <> - format: umask: config:8-15, mask:8-15
74 [136593811703488] INFO perfrun.perfcollector <> - format: filter_opc1: config1:51-60, mask:51-60
74 [136593811703488] INFO perfrun.perfcollector <> - format: tid_en: config:19, mask:19
74 [136593811703488] INFO perfrun.perfcollector <> - format: thresh: config:24-31, mask:24-31
74 [136593811703488] INFO perfrun.perfcollector <> - format: filter_all_op: config1:35, mask:35
74 [136593811703488] INFO perfrun.perfcollector <> - format: filter_not_nm: config1:37, mask:37
74 [136593811703488] INFO perfrun.perfcollector <> - format: filter_state: config1:17-26, mask:17-26
74 [136593811703488] INFO perfrun.perfcollector <> - format: filter_nm: config1:36, mask:36
74 [136593811703488] INFO perfrun.perfcollector <> - hwInfo: PERF_CHA_PMU_DETAILS
74 [136593811703488] INFO perfrun.perfcollector <> - pmu caps: raw,format
74 [136593811703488] INFO perfrun.perfcollector <> - pmu added: uncore_cha, idx: 15
74 [136593811703488] INFO perfrun.perfcollector <> - dir found: /sys/bus/event_source/devices/uncore_m3upi_1
74 [136593811703488] INFO perfrun.perfcollector <> - format: event: config:0-7, mask:0-7
74 [136593811703488] INFO perfrun.perfcollector <> - format: edge: config:18, mask:18
74 [136593811703488] INFO perfrun.perfcollector <> - format: inv: config:23, mask:23
74 [136593811703488] INFO perfrun.perfcollector <> - format: umask: config:8-15, mask:8-15
74 [136593811703488] INFO perfrun.perfcollector <> - format: thresh: config:24-31, mask:24-31
74 [136593811703488] INFO perfrun.perfcollector <> - hwInfo: not set, pmuFam: uncore_m3upi
74 [136593811703488] INFO perfrun.perfcollector <> - pmu caps: raw,format
74 [136593811703488] INFO perfrun.perfcollector <> - pmu added: uncore_m3upi, idx: 1
74 [136593811703488] INFO perfrun.perfcollector <> - dir found: /sys/bus/event_source/devices/uncore_iio_0
74 [136593811703488] INFO perfrun.perfcollector <> - format: event: config:0-7, mask:0-7
74 [136593811703488] INFO perfrun.perfcollector <> - format: edge: config:18, mask:18
74 [136593811703488] INFO perfrun.perfcollector <> - format: fc_mask: config:44-46, mask:44-46
74 [136593811703488] INFO perfrun.perfcollector <> - format: inv: config:23, mask:23
74 [136593811703488] INFO perfrun.perfcollector <> - format: umask: config:8-15, mask:8-15
74 [136593811703488] INFO perfrun.perfcollector <> - format: thresh: config:24-35, mask:24-35
74 [136593811703488] INFO perfrun.perfcollector <> - format: ch_mask: config:36-43, mask:36-43
74 [136593811703488] INFO perfrun.perfcollector <> - hwInfo: PERF_IIO_PMU_DETAILS
74 [136593811703488] INFO perfrun.perfcollector <> - pmu caps: raw,format
74 [136593811703488] INFO perfrun.perfcollector <> - pmu added: uncore_iio, idx: 0
74 [136593811703488] INFO perfrun.perfcollector <> - dir found: /sys/bus/event_source/devices/tracepoint
74 [136593811703488] INFO perfrun.perfcollector <> - format: pmu format subdir doesn't exist
74 [136593811703488] INFO perfrun.perfcollector <> - hwInfo: not set, pmuFam: tracepoint
74 [136593811703488] INFO perfrun.perfcollector <> - pmu added: tracepoint, idx: 0
74 [136593811703488] INFO perfrun.perfcollector <> - dir found: /sys/bus/event_source/devices/uncore_cha_0
74 [136593811703488] INFO perfrun.perfcollector <> - format: event: config:0-7, mask:0-7
74 [136593811703488] INFO perfrun.perfcollector <> - format: filter_rem: config1:32, mask:32
74 [136593811703488] INFO perfrun.perfcollector <> - format: filter_opc0: config1:41-50, mask:41-50
74 [136593811703488] INFO perfrun.perfcollector <> - format: edge: config:18, mask:18
74 [136593811703488] INFO perfrun.perfcollector <> - format: filter_isoc: config1:63, mask:63
74 [136593811703488] INFO perfrun.perfcollector <> - format: filter_tid: config1:0-8, mask:0-8
74 [136593811703488] INFO perfrun.perfcollector <> - format: filter_loc: config1:33, mask:33
74 [136593811703488] INFO perfrun.perfcollector <> - format: filter_nc: config1:62, mask:62
74 [136593811703488] INFO perfrun.perfcollector <> - format: inv: config:23, mask:23
74 [136593811703488] INFO perfrun.perfcollector <> - format: umask: config:8-15, mask:8-15
74 [136593811703488] INFO perfrun.perfcollector <> - format: filter_opc1: config1:51-60, mask:51-60
74 [136593811703488] INFO perfrun.perfcollector <> - format: tid_en: config:19, mask:19
74 [136593811703488] INFO perfrun.perfcollector <> - format: thresh: config:24-31, mask:24-31
74 [136593811703488] INFO perfrun.perfcollector <> - format: filter_all_op: config1:35, mask:35
74 [136593811703488] INFO perfrun.perfcollector <> - format: filter_not_nm: config1:37, mask:37
74 [136593811703488] INFO perfrun.perfcollector <> - format: filter_state: config1:17-26, mask:17-26
74 [136593811703488] INFO perfrun.perfcollector <> - format: filter_nm: config1:36, mask:36
74 [136593811703488] INFO perfrun.perfcollector <> - hwInfo: PERF_CHA_PMU_DETAILS
74 [136593811703488] INFO perfrun.perfcollector <> - pmu caps: raw,format
74 [136593811703488] INFO perfrun.perfcollector <> - pmu added: uncore_cha, idx: 0
74 [136593811703488] INFO perfrun.perfcollector <> - dir found: /sys/bus/event_source/devices/uncore_cha_23
74 [136593811703488] INFO perfrun.perfcollector <> - format: event: config:0-7, mask:0-7
74 [136593811703488] INFO perfrun.perfcollector <> - format: filter_rem: config1:32, mask:32
74 [136593811703488] INFO perfrun.perfcollector <> - format: filter_opc0: config1:41-50, mask:41-50
74 [136593811703488] INFO perfrun.perfcollector <> - format: edge: config:18, mask:18
74 [136593811703488] INFO perfrun.perfcollector <> - format: filter_isoc: config1:63, mask:63
74 [136593811703488] INFO perfrun.perfcollector <> - format: filter_tid: config1:0-8, mask:0-8
74 [136593811703488] INFO perfrun.perfcollector <> - format: filter_loc: config1:33, mask:33
74 [136593811703488] INFO perfrun.perfcollector <> - format: filter_nc: config1:62, mask:62
74 [136593811703488] INFO perfrun.perfcollector <> - format: inv: config:23, mask:23
74 [136593811703488] INFO perfrun.perfcollector <> - format: umask: config:8-15, mask:8-15
74 [136593811703488] INFO perfrun.perfcollector <> - format: filter_opc1: config1:51-60, mask:51-60
74 [136593811703488] INFO perfrun.perfcollector <> - format: tid_en: config:19, mask:19
74 [136593811703488] INFO perfrun.perfcollector <> - format: thresh: config:24-31, mask:24-31
74 [136593811703488] INFO perfrun.perfcollector <> - format: filter_all_op: config1:35, mask:35
74 [136593811703488] INFO perfrun.perfcollector <> - format: filter_not_nm: config1:37, mask:37
74 [136593811703488] INFO perfrun.perfcollector <> - format: filter_state: config1:17-26, mask:17-26
74 [136593811703488] INFO perfrun.perfcollector <> - format: filter_nm: config1:36, mask:36
74 [136593811703488] INFO perfrun.perfcollector <> - hwInfo: PERF_CHA_PMU_DETAILS
74 [136593811703488] INFO perfrun.perfcollector <> - pmu caps: raw,format
74 [136593811703488] INFO perfrun.perfcollector <> - pmu added: uncore_cha, idx: 23
74 [136593811703488] INFO perfrun.perfcollector <> - dir found: /sys/bus/event_source/devices/uncore_irp_2
75 [136593811703488] INFO perfrun.perfcollector <> - format: event: config:0-7, mask:0-7
75 [136593811703488] INFO perfrun.perfcollector <> - format: edge: config:18, mask:18
75 [136593811703488] INFO perfrun.perfcollector <> - format: inv: config:23, mask:23
75 [136593811703488] INFO perfrun.perfcollector <> - format: umask: config:8-15, mask:8-15
75 [136593811703488] INFO perfrun.perfcollector <> - format: thresh: config:24-31, mask:24-31
75 [136593811703488] INFO perfrun.perfcollector <> - hwInfo: PERF_IRP_PMU_DETAILS
75 [136593811703488] INFO perfrun.perfcollector <> - pmu caps: raw,format
75 [136593811703488] INFO perfrun.perfcollector <> - pmu added: uncore_irp, idx: 2
75 [136593811703488] INFO perfrun.perfcollector <> - dir found: /sys/bus/event_source/devices/uncore_cha_13
75 [136593811703488] INFO perfrun.perfcollector <> - format: event: config:0-7, mask:0-7
75 [136593811703488] INFO perfrun.perfcollector <> - format: filter_rem: config1:32, mask:32
75 [136593811703488] INFO perfrun.perfcollector <> - format: filter_opc0: config1:41-50, mask:41-50
75 [136593811703488] INFO perfrun.perfcollector <> - format: edge: config:18, mask:18
75 [136593811703488] INFO perfrun.perfcollector <> - format: filter_isoc: config1:63, mask:63
75 [136593811703488] INFO perfrun.perfcollector <> - format: filter_tid: config1:0-8, mask:0-8
75 [136593811703488] INFO perfrun.perfcollector <> - format: filter_loc: config1:33, mask:33
75 [136593811703488] INFO perfrun.perfcollector <> - format: filter_nc: config1:62, mask:62
75 [136593811703488] INFO perfrun.perfcollector <> - format: inv: config:23, mask:23
75 [136593811703488] INFO perfrun.perfcollector <> - format: umask: config:8-15, mask:8-15
75 [136593811703488] INFO perfrun.perfcollector <> - format: filter_opc1: config1:51-60, mask:51-60
75 [136593811703488] INFO perfrun.perfcollector <> - format: tid_en: config:19, mask:19
75 [136593811703488] INFO perfrun.perfcollector <> - format: thresh: config:24-31, mask:24-31
75 [136593811703488] INFO perfrun.perfcollector <> - format: filter_all_op: config1:35, mask:35
75 [136593811703488] INFO perfrun.perfcollector <> - format: filter_not_nm: config1:37, mask:37
75 [136593811703488] INFO perfrun.perfcollector <> - format: filter_state: config1:17-26, mask:17-26
75 [136593811703488] INFO perfrun.perfcollector <> - format: filter_nm: config1:36, mask:36
75 [136593811703488] INFO perfrun.perfcollector <> - hwInfo: PERF_CHA_PMU_DETAILS
75 [136593811703488] INFO perfrun.perfcollector <> - pmu caps: raw,format
75 [136593811703488] INFO perfrun.perfcollector <> - pmu added: uncore_cha, idx: 13
75 [136593811703488] INFO perfrun.perfcollector <> - dir found: /sys/bus/event_source/devices/cstate_pkg
75 [136593811703488] INFO perfrun.perfcollector <> - format: event: config:0-63, mask:0-63
75 [136593811703488] INFO perfrun.perfcollector <> - hwInfo: not set, pmuFam: cstate_pkg
75 [136593811703488] INFO perfrun.perfcollector <> - pmu caps: raw,format,events
75 [136593811703488] INFO perfrun.perfcollector <> - pmu added: cstate_pkg, idx: 0
75 [136593811703488] INFO perfrun.perfcollector <> - dir found: /sys/bus/event_source/devices/uncore_imc_4
75 [136593811703488] INFO perfrun.perfcollector <> - format: event: config:0-7, mask:0-7
75 [136593811703488] INFO perfrun.perfcollector <> - format: edge: config:18, mask:18
75 [136593811703488] INFO perfrun.perfcollector <> - format: inv: config:23, mask:23
75 [136593811703488] INFO perfrun.perfcollector <> - format: umask: config:8-15, mask:8-15
75 [136593811703488] INFO perfrun.perfcollector <> - format: thresh: config:24-31, mask:24-31
75 [136593811703488] INFO perfrun.perfcollector <> - hwInfo: PERF_IMC_PMU_DETAILS
75 [136593811703488] INFO perfrun.perfcollector <> - pmu caps: raw,format,events
75 [136593811703488] INFO perfrun.perfcollector <> - pmu added: uncore_imc, idx: 4
75 [136593811703488] INFO perfrun.perfcollector <> - dir found: /sys/bus/event_source/devices/uncore_cha_9
75 [136593811703488] INFO perfrun.perfcollector <> - format: event: config:0-7, mask:0-7
75 [136593811703488] INFO perfrun.perfcollector <> - format: filter_rem: config1:32, mask:32
75 [136593811703488] INFO perfrun.perfcollector <> - format: filter_opc0: config1:41-50, mask:41-50
75 [136593811703488] INFO perfrun.perfcollector <> - format: edge: config:18, mask:18
75 [136593811703488] INFO perfrun.perfcollector <> - format: filter_isoc: config1:63, mask:63
75 [136593811703488] INFO perfrun.perfcollector <> - format: filter_tid: config1:0-8, mask:0-8
75 [136593811703488] INFO perfrun.perfcollector <> - format: filter_loc: config1:33, mask:33
75 [136593811703488] INFO perfrun.perfcollector <> - format: filter_nc: config1:62, mask:62
75 [136593811703488] INFO perfrun.perfcollector <> - format: inv: config:23, mask:23
75 [136593811703488] INFO perfrun.perfcollector <> - format: umask: config:8-15, mask:8-15
75 [136593811703488] INFO perfrun.perfcollector <> - format: filter_opc1: config1:51-60, mask:51-60
75 [136593811703488] INFO perfrun.perfcollector <> - format: tid_en: config:19, mask:19
75 [136593811703488] INFO perfrun.perfcollector <> - format: thresh: config:24-31, mask:24-31
75 [136593811703488] INFO perfrun.perfcollector <> - format: filter_all_op: config1:35, mask:35
75 [136593811703488] INFO perfrun.perfcollector <> - format: filter_not_nm: config1:37, mask:37
75 [136593811703488] INFO perfrun.perfcollector <> - format: filter_state: config1:17-26, mask:17-26
75 [136593811703488] INFO perfrun.perfcollector <> - format: filter_nm: config1:36, mask:36
75 [136593811703488] INFO perfrun.perfcollector <> - hwInfo: PERF_CHA_PMU_DETAILS
75 [136593811703488] INFO perfrun.perfcollector <> - pmu caps: raw,format
75 [136593811703488] INFO perfrun.perfcollector <> - pmu added: uncore_cha, idx: 9
75 [136593811703488] INFO perfrun.perfcollector <> - dir found: /sys/bus/event_source/devices/uncore_iio_free_running_4
75 [136593811703488] INFO perfrun.perfcollector <> - format: event: config:0-7, mask:0-7
75 [136593811703488] INFO perfrun.perfcollector <> - format: umask: config:8-15, mask:8-15
75 [136593811703488] INFO perfrun.perfcollector <> - hwInfo: not set, pmuFam: uncore_iio_free_running
75 [136593811703488] INFO perfrun.perfcollector <> - pmu caps: raw,format,events
75 [136593811703488] INFO perfrun.perfcollector <> - pmu added: uncore_iio_free_running, idx: 4
75 [136593811703488] INFO perfrun.perfcollector <> - dir found: /sys/bus/event_source/devices/uncore_ubox
75 [136593811703488] INFO perfrun.perfcollector <> - format: event: config:0-7, mask:0-7
75 [136593811703488] INFO perfrun.perfcollector <> - format: edge: config:18, mask:18
75 [136593811703488] INFO perfrun.perfcollector <> - format: inv: config:23, mask:23
76 [136593811703488] INFO perfrun.perfcollector <> - format: umask: config:8-15, mask:8-15
76 [136593811703488] INFO perfrun.perfcollector <> - format: thresh: config:24-28, mask:24-28
76 [136593811703488] INFO perfrun.perfcollector <> - hwInfo: not set, pmuFam: uncore_ubox
76 [136593811703488] INFO perfrun.perfcollector <> - pmu caps: raw,format
76 [136593811703488] INFO perfrun.perfcollector <> - pmu added: uncore_ubox, idx: 0
76 [136593811703488] INFO perfrun.perfcollector <> - dir found: /sys/bus/event_source/devices/uncore_cha_21
76 [136593811703488] INFO perfrun.perfcollector <> - format: event: config:0-7, mask:0-7
76 [136593811703488] INFO perfrun.perfcollector <> - format: filter_rem: config1:32, mask:32
76 [136593811703488] INFO perfrun.perfcollector <> - format: filter_opc0: config1:41-50, mask:41-50
76 [136593811703488] INFO perfrun.perfcollector <> - format: edge: config:18, mask:18
76 [136593811703488] INFO perfrun.perfcollector <> - format: filter_isoc: config1:63, mask:63
76 [136593811703488] INFO perfrun.perfcollector <> - format: filter_tid: config1:0-8, mask:0-8
76 [136593811703488] INFO perfrun.perfcollector <> - format: filter_loc: config1:33, mask:33
76 [136593811703488] INFO perfrun.perfcollector <> - format: filter_nc: config1:62, mask:62
76 [136593811703488] INFO perfrun.perfcollector <> - format: inv: config:23, mask:23
76 [136593811703488] INFO perfrun.perfcollector <> - format: umask: config:8-15, mask:8-15
76 [136593811703488] INFO perfrun.perfcollector <> - format: filter_opc1: config1:51-60, mask:51-60
76 [136593811703488] INFO perfrun.perfcollector <> - format: tid_en: config:19, mask:19
76 [136593811703488] INFO perfrun.perfcollector <> - format: thresh: config:24-31, mask:24-31
76 [136593811703488] INFO perfrun.perfcollector <> - format: filter_all_op: config1:35, mask:35
76 [136593811703488] INFO perfrun.perfcollector <> - format: filter_not_nm: config1:37, mask:37
76 [136593811703488] INFO perfrun.perfcollector <> - format: filter_state: config1:17-26, mask:17-26
76 [136593811703488] INFO perfrun.perfcollector <> - format: filter_nm: config1:36, mask:36
76 [136593811703488] INFO perfrun.perfcollector <> - hwInfo: PERF_CHA_PMU_DETAILS
76 [136593811703488] INFO perfrun.perfcollector <> - pmu caps: raw,format
76 [136593811703488] INFO perfrun.perfcollector <> - pmu added: uncore_cha, idx: 21
76 [136593811703488] INFO perfrun.perfcollector <> - dir found: /sys/bus/event_source/devices/uncore_irp_0
76 [136593811703488] INFO perfrun.perfcollector <> - format: event: config:0-7, mask:0-7
76 [136593811703488] INFO perfrun.perfcollector <> - format: edge: config:18, mask:18
76 [136593811703488] INFO perfrun.perfcollector <> - format: inv: config:23, mask:23
76 [136593811703488] INFO perfrun.perfcollector <> - format: umask: config:8-15, mask:8-15
76 [136593811703488] INFO perfrun.perfcollector <> - format: thresh: config:24-31, mask:24-31
76 [136593811703488] INFO perfrun.perfcollector <> - hwInfo: PERF_IRP_PMU_DETAILS
76 [136593811703488] INFO perfrun.perfcollector <> - pmu caps: raw,format
76 [136593811703488] INFO perfrun.perfcollector <> - pmu added: uncore_irp, idx: 0
76 [136593811703488] INFO perfrun.perfcollector <> - dir found: /sys/bus/event_source/devices/uncore_m2m_0
76 [136593811703488] INFO perfrun.perfcollector <> - format: event: config:0-7, mask:0-7
76 [136593811703488] INFO perfrun.perfcollector <> - format: edge: config:18, mask:18
76 [136593811703488] INFO perfrun.perfcollector <> - format: inv: config:23, mask:23
76 [136593811703488] INFO perfrun.perfcollector <> - format: umask: config:8-15, mask:8-15
76 [136593811703488] INFO perfrun.perfcollector <> - format: thresh: config:24-31, mask:24-31
76 [136593811703488] INFO perfrun.perfcollector <> - hwInfo: PERF_M2M_PMU_DETAILS
76 [136593811703488] INFO perfrun.perfcollector <> - pmu caps: raw,format
76 [136593811703488] INFO perfrun.perfcollector <> - pmu added: uncore_m2m, idx: 0
76 [136593811703488] INFO perfrun.perfcollector <> - dir found: /sys/bus/event_source/devices/uncore_cha_11
76 [136593811703488] INFO perfrun.perfcollector <> - format: event: config:0-7, mask:0-7
76 [136593811703488] INFO perfrun.perfcollector <> - format: filter_rem: config1:32, mask:32
76 [136593811703488] INFO perfrun.perfcollector <> - format: filter_opc0: config1:41-50, mask:41-50
76 [136593811703488] INFO perfrun.perfcollector <> - format: edge: config:18, mask:18
76 [136593811703488] INFO perfrun.perfcollector <> - format: filter_isoc: config1:63, mask:63
76 [136593811703488] INFO perfrun.perfcollector <> - format: filter_tid: config1:0-8, mask:0-8
76 [136593811703488] INFO perfrun.perfcollector <> - format: filter_loc: config1:33, mask:33
76 [136593811703488] INFO perfrun.perfcollector <> - format: filter_nc: config1:62, mask:62
76 [136593811703488] INFO perfrun.perfcollector <> - format: inv: config:23, mask:23
76 [136593811703488] INFO perfrun.perfcollector <> - format: umask: config:8-15, mask:8-15
76 [136593811703488] INFO perfrun.perfcollector <> - format: filter_opc1: config1:51-60, mask:51-60
76 [136593811703488] INFO perfrun.perfcollector <> - format: tid_en: config:19, mask:19
76 [136593811703488] INFO perfrun.perfcollector <> - format: thresh: config:24-31, mask:24-31
76 [136593811703488] INFO perfrun.perfcollector <> - format: filter_all_op: config1:35, mask:35
76 [136593811703488] INFO perfrun.perfcollector <> - format: filter_not_nm: config1:37, mask:37
76 [136593811703488] INFO perfrun.perfcollector <> - format: filter_state: config1:17-26, mask:17-26
76 [136593811703488] INFO perfrun.perfcollector <> - format: filter_nm: config1:36, mask:36
76 [136593811703488] INFO perfrun.perfcollector <> - hwInfo: PERF_CHA_PMU_DETAILS
76 [136593811703488] INFO perfrun.perfcollector <> - pmu caps: raw,format
76 [136593811703488] INFO perfrun.perfcollector <> - pmu added: uncore_cha, idx: 11
76 [136593811703488] INFO perfrun.perfcollector <> - dir found: /sys/bus/event_source/devices/uncore_imc_2
76 [136593811703488] INFO perfrun.perfcollector <> - format: event: config:0-7, mask:0-7
76 [136593811703488] INFO perfrun.perfcollector <> - format: edge: config:18, mask:18
76 [136593811703488] INFO perfrun.perfcollector <> - format: inv: config:23, mask:23
76 [136593811703488] INFO perfrun.perfcollector <> - format: umask: config:8-15, mask:8-15
76 [136593811703488] INFO perfrun.perfcollector <> - format: thresh: config:24-31, mask:24-31
76 [136593811703488] INFO perfrun.perfcollector <> - hwInfo: PERF_IMC_PMU_DETAILS
76 [136593811703488] INFO perfrun.perfcollector <> - pmu caps: raw,format,events
76 [136593811703488] INFO perfrun.perfcollector <> - pmu added: uncore_imc, idx: 2
76 [136593811703488] INFO perfrun.perfcollector <> - dir found: /sys/bus/event_source/devices/uncore_upi_2
77 [136593811703488] INFO perfrun.perfcollector <> - format: event: config:0-7, mask:0-7
77 [136593811703488] INFO perfrun.perfcollector <> - format: edge: config:18, mask:18
77 [136593811703488] INFO perfrun.perfcollector <> - format: inv: config:23, mask:23
77 [136593811703488] INFO perfrun.perfcollector <> - format: umask: config:8-15,32-43,45-55, mask:8-15,32-43,45-55
77 [136593811703488] INFO perfrun.perfcollector <> - format: thresh: config:24-31, mask:24-31
77 [136593811703488] INFO perfrun.perfcollector <> - hwInfo: PERF_UPI_PMU_DETAILS
77 [136593811703488] INFO perfrun.perfcollector <> - pmu caps: raw,format
77 [136593811703488] INFO perfrun.perfcollector <> - pmu added: uncore_upi, idx: 2
77 [136593811703488] INFO perfrun.perfcollector <> - dir found: /sys/bus/event_source/devices/kprobe
77 [136593811703488] INFO perfrun.perfcollector <> - format: retprobe: config:0, mask:0
77 [136593811703488] INFO perfrun.perfcollector <> - hwInfo: not set, pmuFam: kprobe
77 [136593811703488] INFO perfrun.perfcollector <> - pmu caps: raw,format
77 [136593811703488] INFO perfrun.perfcollector <> - pmu added: kprobe, idx: 0
77 [136593811703488] INFO perfrun.perfcollector <> - dir found: /sys/bus/event_source/devices/uncore_cha_7
77 [136593811703488] INFO perfrun.perfcollector <> - format: event: config:0-7, mask:0-7
77 [136593811703488] INFO perfrun.perfcollector <> - format: filter_rem: config1:32, mask:32
77 [136593811703488] INFO perfrun.perfcollector <> - format: filter_opc0: config1:41-50, mask:41-50
77 [136593811703488] INFO perfrun.perfcollector <> - format: edge: config:18, mask:18
77 [136593811703488] INFO perfrun.perfcollector <> - format: filter_isoc: config1:63, mask:63
77 [136593811703488] INFO perfrun.perfcollector <> - format: filter_tid: config1:0-8, mask:0-8
77 [136593811703488] INFO perfrun.perfcollector <> - format: filter_loc: config1:33, mask:33
77 [136593811703488] INFO perfrun.perfcollector <> - format: filter_nc: config1:62, mask:62
77 [136593811703488] INFO perfrun.perfcollector <> - format: inv: config:23, mask:23
77 [136593811703488] INFO perfrun.perfcollector <> - format: umask: config:8-15, mask:8-15
77 [136593811703488] INFO perfrun.perfcollector <> - format: filter_opc1: config1:51-60, mask:51-60
77 [136593811703488] INFO perfrun.perfcollector <> - format: tid_en: config:19, mask:19
77 [136593811703488] INFO perfrun.perfcollector <> - format: thresh: config:24-31, mask:24-31
77 [136593811703488] INFO perfrun.perfcollector <> - format: filter_all_op: config1:35, mask:35
77 [136593811703488] INFO perfrun.perfcollector <> - format: filter_not_nm: config1:37, mask:37
77 [136593811703488] INFO perfrun.perfcollector <> - format: filter_state: config1:17-26, mask:17-26
77 [136593811703488] INFO perfrun.perfcollector <> - format: filter_nm: config1:36, mask:36
77 [136593811703488] INFO perfrun.perfcollector <> - hwInfo: PERF_CHA_PMU_DETAILS
77 [136593811703488] INFO perfrun.perfcollector <> - pmu caps: raw,format
77 [136593811703488] INFO perfrun.perfcollector <> - pmu added: uncore_cha, idx: 7
77 [136593811703488] INFO perfrun.perfcollector <> - dir found: /sys/bus/event_source/devices/uncore_iio_free_running_2
77 [136593811703488] INFO perfrun.perfcollector <> - format: event: config:0-7, mask:0-7
77 [136593811703488] INFO perfrun.perfcollector <> - format: umask: config:8-15, mask:8-15
77 [136593811703488] INFO perfrun.perfcollector <> - hwInfo: not set, pmuFam: uncore_iio_free_running
77 [136593811703488] INFO perfrun.perfcollector <> - pmu caps: raw,format,events
77 [136593811703488] INFO perfrun.perfcollector <> - pmu added: uncore_iio_free_running, idx: 2
77 [136593811703488] INFO perfrun.perfcollector <> - dir found: /sys/bus/event_source/devices/uncore_iio_5
77 [136593811703488] INFO perfrun.perfcollector <> - format: event: config:0-7, mask:0-7
77 [136593811703488] INFO perfrun.perfcollector <> - format: edge: config:18, mask:18
77 [136593811703488] INFO perfrun.perfcollector <> - format: fc_mask: config:44-46, mask:44-46
77 [136593811703488] INFO perfrun.perfcollector <> - format: inv: config:23, mask:23
77 [136593811703488] INFO perfrun.perfcollector <> - format: umask: config:8-15, mask:8-15
77 [136593811703488] INFO perfrun.perfcollector <> - format: thresh: config:24-35, mask:24-35
77 [136593811703488] INFO perfrun.perfcollector <> - format: ch_mask: config:36-43, mask:36-43
77 [136593811703488] INFO perfrun.perfcollector <> - hwInfo: PERF_IIO_PMU_DETAILS
77 [136593811703488] INFO perfrun.perfcollector <> - pmu caps: raw,format
77 [136593811703488] INFO perfrun.perfcollector <> - pmu added: uncore_iio, idx: 5
77 [136593811703488] INFO perfrun.perfcollector <> - dir found: /sys/bus/event_source/devices/uncore_imc_0
77 [136593811703488] INFO perfrun.perfcollector <> - format: event: config:0-7, mask:0-7
77 [136593811703488] INFO perfrun.perfcollector <> - format: edge: config:18, mask:18
77 [136593811703488] INFO perfrun.perfcollector <> - format: inv: config:23, mask:23
77 [136593811703488] INFO perfrun.perfcollector <> - format: umask: config:8-15, mask:8-15
77 [136593811703488] INFO perfrun.perfcollector <> - format: thresh: config:24-31, mask:24-31
77 [136593811703488] INFO perfrun.perfcollector <> - hwInfo: PERF_IMC_PMU_DETAILS
77 [136593811703488] INFO perfrun.perfcollector <> - pmu caps: raw,format,events
77 [136593811703488] INFO perfrun.perfcollector <> - pmu added: uncore_imc, idx: 0
77 [136593811703488] INFO perfrun.perfcollector <> - dir found: /sys/bus/event_source/devices/uncore_upi_0
77 [136593811703488] INFO perfrun.perfcollector <> - format: event: config:0-7, mask:0-7
77 [136593811703488] INFO perfrun.perfcollector <> - format: edge: config:18, mask:18
77 [136593811703488] INFO perfrun.perfcollector <> - format: inv: config:23, mask:23
77 [136593811703488] INFO perfrun.perfcollector <> - format: umask: config:8-15,32-43,45-55, mask:8-15,32-43,45-55
77 [136593811703488] INFO perfrun.perfcollector <> - format: thresh: config:24-31, mask:24-31
77 [136593811703488] INFO perfrun.perfcollector <> - hwInfo: PERF_UPI_PMU_DETAILS
77 [136593811703488] INFO perfrun.perfcollector <> - pmu caps: raw,format
77 [136593811703488] INFO perfrun.perfcollector <> - pmu added: uncore_upi, idx: 0
77 [136593811703488] INFO perfrun.perfcollector <> - dir found: /sys/bus/event_source/devices/uncore_cha_5
77 [136593811703488] INFO perfrun.perfcollector <> - format: event: config:0-7, mask:0-7
77 [136593811703488] INFO perfrun.perfcollector <> - format: filter_rem: config1:32, mask:32
77 [136593811703488] INFO perfrun.perfcollector <> - format: filter_opc0: config1:41-50, mask:41-50
77 [136593811703488] INFO perfrun.perfcollector <> - format: edge: config:18, mask:18
77 [136593811703488] INFO perfrun.perfcollector <> - format: filter_isoc: config1:63, mask:63
77 [136593811703488] INFO perfrun.perfcollector <> - format: filter_tid: config1:0-8, mask:0-8
78 [136593811703488] INFO perfrun.perfcollector <> - format: filter_loc: config1:33, mask:33
78 [136593811703488] INFO perfrun.perfcollector <> - format: filter_nc: config1:62, mask:62
78 [136593811703488] INFO perfrun.perfcollector <> - format: inv: config:23, mask:23
78 [136593811703488] INFO perfrun.perfcollector <> - format: umask: config:8-15, mask:8-15
78 [136593811703488] INFO perfrun.perfcollector <> - format: filter_opc1: config1:51-60, mask:51-60
78 [136593811703488] INFO perfrun.perfcollector <> - format: tid_en: config:19, mask:19
78 [136593811703488] INFO perfrun.perfcollector <> - format: thresh: config:24-31, mask:24-31
78 [136593811703488] INFO perfrun.perfcollector <> - format: filter_all_op: config1:35, mask:35
78 [136593811703488] INFO perfrun.perfcollector <> - format: filter_not_nm: config1:37, mask:37
78 [136593811703488] INFO perfrun.perfcollector <> - format: filter_state: config1:17-26, mask:17-26
78 [136593811703488] INFO perfrun.perfcollector <> - format: filter_nm: config1:36, mask:36
78 [136593811703488] INFO perfrun.perfcollector <> - hwInfo: PERF_CHA_PMU_DETAILS
78 [136593811703488] INFO perfrun.perfcollector <> - pmu caps: raw,format
78 [136593811703488] INFO perfrun.perfcollector <> - pmu added: uncore_cha, idx: 5
78 [136593811703488] INFO perfrun.perfcollector <> - dir found: /sys/bus/event_source/devices/uncore_iio_free_running_0
78 [136593811703488] INFO perfrun.perfcollector <> - format: event: config:0-7, mask:0-7
78 [136593811703488] INFO perfrun.perfcollector <> - format: umask: config:8-15, mask:8-15
78 [136593811703488] INFO perfrun.perfcollector <> - hwInfo: not set, pmuFam: uncore_iio_free_running
78 [136593811703488] INFO perfrun.perfcollector <> - pmu caps: raw,format,events
78 [136593811703488] INFO perfrun.perfcollector <> - pmu added: uncore_iio_free_running, idx: 0
78 [136593811703488] INFO perfrun.perfcollector <> - dir found: /sys/bus/event_source/devices/uncore_pcu
78 [136593811703488] INFO perfrun.perfcollector <> - format: filter_band2: config1:16-23, mask:16-23
78 [136593811703488] INFO perfrun.perfcollector <> - format: event: config:0-7, mask:0-7
78 [136593811703488] INFO perfrun.perfcollector <> - format: filter_band0: config1:0-7, mask:0-7
78 [136593811703488] INFO perfrun.perfcollector <> - format: edge: config:18, mask:18
78 [136593811703488] INFO perfrun.perfcollector <> - format: occ_invert: config:30, mask:30
78 [136593811703488] INFO perfrun.perfcollector <> - format: filter_band3: config1:24-31, mask:24-31
78 [136593811703488] INFO perfrun.perfcollector <> - format: filter_band1: config1:8-15, mask:8-15
78 [136593811703488] INFO perfrun.perfcollector <> - format: inv: config:23, mask:23
78 [136593811703488] INFO perfrun.perfcollector <> - format: umask: config:8-15, mask:8-15
78 [136593811703488] INFO perfrun.perfcollector <> - format: occ_edge_det: config:31, mask:31
78 [136593811703488] INFO perfrun.perfcollector <> - format: thresh: config:24-31, mask:24-31
78 [136593811703488] INFO perfrun.perfcollector <> - hwInfo: not set, pmuFam: uncore_pcu
78 [136593811703488] INFO perfrun.perfcollector <> - pmu caps: raw,format
78 [136593811703488] INFO perfrun.perfcollector <> - pmu added: uncore_pcu, idx: 0
78 [136593811703488] INFO perfrun.perfcollector <> - dir found: /sys/bus/event_source/devices/uncore_cha_18
78 [136593811703488] INFO perfrun.perfcollector <> - format: event: config:0-7, mask:0-7
78 [136593811703488] INFO perfrun.perfcollector <> - format: filter_rem: config1:32, mask:32
78 [136593811703488] INFO perfrun.perfcollector <> - format: filter_opc0: config1:41-50, mask:41-50
78 [136593811703488] INFO perfrun.perfcollector <> - format: edge: config:18, mask:18
78 [136593811703488] INFO perfrun.perfcollector <> - format: filter_isoc: config1:63, mask:63
78 [136593811703488] INFO perfrun.perfcollector <> - format: filter_tid: config1:0-8, mask:0-8
78 [136593811703488] INFO perfrun.perfcollector <> - format: filter_loc: config1:33, mask:33
78 [136593811703488] INFO perfrun.perfcollector <> - format: filter_nc: config1:62, mask:62
78 [136593811703488] INFO perfrun.perfcollector <> - format: inv: config:23, mask:23
78 [136593811703488] INFO perfrun.perfcollector <> - format: umask: config:8-15, mask:8-15
78 [136593811703488] INFO perfrun.perfcollector <> - format: filter_opc1: config1:51-60, mask:51-60
78 [136593811703488] INFO perfrun.perfcollector <> - format: tid_en: config:19, mask:19
78 [136593811703488] INFO perfrun.perfcollector <> - format: thresh: config:24-31, mask:24-31
78 [136593811703488] INFO perfrun.perfcollector <> - format: filter_all_op: config1:35, mask:35
78 [136593811703488] INFO perfrun.perfcollector <> - format: filter_not_nm: config1:37, mask:37
78 [136593811703488] INFO perfrun.perfcollector <> - format: filter_state: config1:17-26, mask:17-26
78 [136593811703488] INFO perfrun.perfcollector <> - format: filter_nm: config1:36, mask:36
78 [136593811703488] INFO perfrun.perfcollector <> - hwInfo: PERF_CHA_PMU_DETAILS
78 [136593811703488] INFO perfrun.perfcollector <> - pmu caps: raw,format
78 [136593811703488] INFO perfrun.perfcollector <> - pmu added: uncore_cha, idx: 18
78 [136593811703488] INFO perfrun.perfcollector <> - dir found: /sys/bus/event_source/devices/msr
78 [136593811703488] INFO perfrun.perfcollector <> - format: event: config:0-63, mask:0-63
78 [136593811703488] INFO perfrun.perfcollector <> - hwInfo: not set, pmuFam: msr
78 [136593811703488] INFO perfrun.perfcollector <> - pmu caps: raw,format,events
78 [136593811703488] INFO perfrun.perfcollector <> - pmu added: msr, idx: 0
78 [136593811703488] INFO perfrun.perfcollector <> - dir found: /sys/bus/event_source/devices/uncore_iio_3
78 [136593811703488] INFO perfrun.perfcollector <> - format: event: config:0-7, mask:0-7
78 [136593811703488] INFO perfrun.perfcollector <> - format: edge: config:18, mask:18
78 [136593811703488] INFO perfrun.perfcollector <> - format: fc_mask: config:44-46, mask:44-46
78 [136593811703488] INFO perfrun.perfcollector <> - format: inv: config:23, mask:23
78 [136593811703488] INFO perfrun.perfcollector <> - format: umask: config:8-15, mask:8-15
78 [136593811703488] INFO perfrun.perfcollector <> - format: thresh: config:24-35, mask:24-35
78 [136593811703488] INFO perfrun.perfcollector <> - format: ch_mask: config:36-43, mask:36-43
78 [136593811703488] INFO perfrun.perfcollector <> - hwInfo: PERF_IIO_PMU_DETAILS
78 [136593811703488] INFO perfrun.perfcollector <> - pmu caps: raw,format
78 [136593811703488] INFO perfrun.perfcollector <> - pmu added: uncore_iio, idx: 3
78 [136593811703488] INFO perfrun.perfcollector <> - dir found: /sys/bus/event_source/devices/intel_pt
78 [136593811703488] INFO perfrun.perfcollector <> - format: ptw: config:12, mask:12
78 [136593811703488] INFO perfrun.perfcollector <> - format: event: config:31, mask:31
79 [136593811703488] INFO perfrun.perfcollector <> - format: cyc_thresh: config:19-22, mask:19-22
79 [136593811703488] INFO perfrun.perfcollector <> - format: pt: config:0, mask:0
79 [136593811703488] INFO perfrun.perfcollector <> - format: notnt: config:55, mask:55
79 [136593811703488] INFO perfrun.perfcollector <> - format: branch: config:13, mask:13
79 [136593811703488] INFO perfrun.perfcollector <> - format: tsc: config:10, mask:10
79 [136593811703488] INFO perfrun.perfcollector <> - format: pwr_evt: config:4, mask:4
79 [136593811703488] INFO perfrun.perfcollector <> - format: fup_on_ptw: config:5, mask:5
79 [136593811703488] INFO perfrun.perfcollector <> - format: cyc: config:1, mask:1
79 [136593811703488] INFO perfrun.perfcollector <> - format: noretcomp: config:11, mask:11
79 [136593811703488] INFO perfrun.perfcollector <> - format: mtc: config:9, mask:9
79 [136593811703488] INFO perfrun.perfcollector <> - format: psb_period: config:24-27, mask:24-27
79 [136593811703488] INFO perfrun.perfcollector <> - format: mtc_period: config:14-17, mask:14-17
79 [136593811703488] INFO perfrun.perfcollector <> - hwInfo: not set, pmuFam: intel_pt
79 [136593811703488] INFO perfrun.perfcollector <> - pmu caps: raw,format
79 [136593811703488] INFO perfrun.perfcollector <> - pmu added: intel_pt, idx: 0
79 [136593811703488] INFO perfrun.perfcollector <> - dir found: /sys/bus/event_source/devices/uncore_cha_3
79 [136593811703488] INFO perfrun.perfcollector <> - format: event: config:0-7, mask:0-7
79 [136593811703488] INFO perfrun.perfcollector <> - format: filter_rem: config1:32, mask:32
79 [136593811703488] INFO perfrun.perfcollector <> - format: filter_opc0: config1:41-50, mask:41-50
79 [136593811703488] INFO perfrun.perfcollector <> - format: edge: config:18, mask:18
79 [136593811703488] INFO perfrun.perfcollector <> - format: filter_isoc: config1:63, mask:63
79 [136593811703488] INFO perfrun.perfcollector <> - format: filter_tid: config1:0-8, mask:0-8
79 [136593811703488] INFO perfrun.perfcollector <> - format: filter_loc: config1:33, mask:33
79 [136593811703488] INFO perfrun.perfcollector <> - format: filter_nc: config1:62, mask:62
79 [136593811703488] INFO perfrun.perfcollector <> - format: inv: config:23, mask:23
79 [136593811703488] INFO perfrun.perfcollector <> - format: umask: config:8-15, mask:8-15
79 [136593811703488] INFO perfrun.perfcollector <> - format: filter_opc1: config1:51-60, mask:51-60
79 [136593811703488] INFO perfrun.perfcollector <> - format: tid_en: config:19, mask:19
79 [136593811703488] INFO perfrun.perfcollector <> - format: thresh: config:24-31, mask:24-31
79 [136593811703488] INFO perfrun.perfcollector <> - format: filter_all_op: config1:35, mask:35
79 [136593811703488] INFO perfrun.perfcollector <> - format: filter_not_nm: config1:37, mask:37
79 [136593811703488] INFO perfrun.perfcollector <> - format: filter_state: config1:17-26, mask:17-26
79 [136593811703488] INFO perfrun.perfcollector <> - format: filter_nm: config1:36, mask:36
79 [136593811703488] INFO perfrun.perfcollector <> - hwInfo: PERF_CHA_PMU_DETAILS
79 [136593811703488] INFO perfrun.perfcollector <> - pmu caps: raw,format
79 [136593811703488] INFO perfrun.perfcollector <> - pmu added: uncore_cha, idx: 3
79 [136593811703488] INFO perfrun.perfcollector <> - dir found: /sys/bus/event_source/devices/uncore_m2pcie_1
79 [136593811703488] INFO perfrun.perfcollector <> - format: event: config:0-7, mask:0-7
79 [136593811703488] INFO perfrun.perfcollector <> - format: edge: config:18, mask:18
79 [136593811703488] INFO perfrun.perfcollector <> - format: inv: config:23, mask:23
79 [136593811703488] INFO perfrun.perfcollector <> - format: umask: config:8-15, mask:8-15
79 [136593811703488] INFO perfrun.perfcollector <> - format: thresh: config:24-31, mask:24-31
79 [136593811703488] INFO perfrun.perfcollector <> - hwInfo: not set, pmuFam: uncore_m2pcie
79 [136593811703488] INFO perfrun.perfcollector <> - pmu caps: raw,format
79 [136593811703488] INFO perfrun.perfcollector <> - pmu added: uncore_m2pcie, idx: 1
79 [136593811703488] INFO perfrun.perfcollector <> - dir found: /sys/bus/event_source/devices/uncore_irp_5
79 [136593811703488] INFO perfrun.perfcollector <> - format: event: config:0-7, mask:0-7
79 [136593811703488] INFO perfrun.perfcollector <> - format: edge: config:18, mask:18
79 [136593811703488] INFO perfrun.perfcollector <> - format: inv: config:23, mask:23
79 [136593811703488] INFO perfrun.perfcollector <> - format: umask: config:8-15, mask:8-15
79 [136593811703488] INFO perfrun.perfcollector <> - format: thresh: config:24-31, mask:24-31
79 [136593811703488] INFO perfrun.perfcollector <> - hwInfo: PERF_IRP_PMU_DETAILS
79 [136593811703488] INFO perfrun.perfcollector <> - pmu caps: raw,format
79 [136593811703488] INFO perfrun.perfcollector <> - pmu added: uncore_irp, idx: 5
79 [136593811703488] INFO perfrun.perfcollector <> - dir found: /sys/bus/event_source/devices/uncore_cha_16
79 [136593811703488] INFO perfrun.perfcollector <> - format: event: config:0-7, mask:0-7
79 [136593811703488] INFO perfrun.perfcollector <> - format: filter_rem: config1:32, mask:32
79 [136593811703488] INFO perfrun.perfcollector <> - format: filter_opc0: config1:41-50, mask:41-50
79 [136593811703488] INFO perfrun.perfcollector <> - format: edge: config:18, mask:18
79 [136593811703488] INFO perfrun.perfcollector <> - format: filter_isoc: config1:63, mask:63
79 [136593811703488] INFO perfrun.perfcollector <> - format: filter_tid: config1:0-8, mask:0-8
79 [136593811703488] INFO perfrun.perfcollector <> - format: filter_loc: config1:33, mask:33
79 [136593811703488] INFO perfrun.perfcollector <> - format: filter_nc: config1:62, mask:62
79 [136593811703488] INFO perfrun.perfcollector <> - format: inv: config:23, mask:23
79 [136593811703488] INFO perfrun.perfcollector <> - format: umask: config:8-15, mask:8-15
79 [136593811703488] INFO perfrun.perfcollector <> - format: filter_opc1: config1:51-60, mask:51-60
79 [136593811703488] INFO perfrun.perfcollector <> - format: tid_en: config:19, mask:19
79 [136593811703488] INFO perfrun.perfcollector <> - format: thresh: config:24-31, mask:24-31
79 [136593811703488] INFO perfrun.perfcollector <> - format: filter_all_op: config1:35, mask:35
79 [136593811703488] INFO perfrun.perfcollector <> - format: filter_not_nm: config1:37, mask:37
79 [136593811703488] INFO perfrun.perfcollector <> - format: filter_state: config1:17-26, mask:17-26
79 [136593811703488] INFO perfrun.perfcollector <> - format: filter_nm: config1:36, mask:36
79 [136593811703488] INFO perfrun.perfcollector <> - hwInfo: PERF_CHA_PMU_DETAILS
79 [136593811703488] INFO perfrun.perfcollector <> - pmu caps: raw,format
79 [136593811703488] INFO perfrun.perfcollector <> - pmu added: uncore_cha, idx: 16
80 [136593811703488] INFO perfrun.perfcollector <> - dir found: /sys/bus/event_source/devices/uncore_m3upi_2
80 [136593811703488] INFO perfrun.perfcollector <> - format: event: config:0-7, mask:0-7
80 [136593811703488] INFO perfrun.perfcollector <> - format: edge: config:18, mask:18
80 [136593811703488] INFO perfrun.perfcollector <> - format: inv: config:23, mask:23
80 [136593811703488] INFO perfrun.perfcollector <> - format: umask: config:8-15, mask:8-15
80 [136593811703488] INFO perfrun.perfcollector <> - format: thresh: config:24-31, mask:24-31
80 [136593811703488] INFO perfrun.perfcollector <> - hwInfo: not set, pmuFam: uncore_m3upi
80 [136593811703488] INFO perfrun.perfcollector <> - pmu caps: raw,format
80 [136593811703488] INFO perfrun.perfcollector <> - pmu added: uncore_m3upi, idx: 2
80 [136593811703488] INFO perfrun.perfcollector <> - dir found: /sys/bus/event_source/devices/uncore_iio_1
80 [136593811703488] INFO perfrun.perfcollector <> - format: event: config:0-7, mask:0-7
80 [136593811703488] INFO perfrun.perfcollector <> - format: edge: config:18, mask:18
80 [136593811703488] INFO perfrun.perfcollector <> - format: fc_mask: config:44-46, mask:44-46
80 [136593811703488] INFO perfrun.perfcollector <> - format: inv: config:23, mask:23
80 [136593811703488] INFO perfrun.perfcollector <> - format: umask: config:8-15, mask:8-15
80 [136593811703488] INFO perfrun.perfcollector <> - format: thresh: config:24-35, mask:24-35
80 [136593811703488] INFO perfrun.perfcollector <> - format: ch_mask: config:36-43, mask:36-43
80 [136593811703488] INFO perfrun.perfcollector <> - hwInfo: PERF_IIO_PMU_DETAILS
80 [136593811703488] INFO perfrun.perfcollector <> - pmu caps: raw,format
80 [136593811703488] INFO perfrun.perfcollector <> - pmu added: uncore_iio, idx: 1
80 [136593811703488] INFO perfrun.perfcollector <> - Perf tool path: /opt/intel/oneapi/vtune/2025.0/bin64/amplxe-perf
80 [136593811703488] INFO perfrun.perfcollector <> - Data directory: /home/fmahling/hdp-profiling-session/cmake-build-info-release/r000ps/data.0
80 [136593811703488] INFO perfrun.perfcollector <> - Temp directory: /tmp/amplxe-tmp-fmahling
80 [136593811703488] INFO perfrun.perfcollector <> - Perf sync path: /opt/intel/oneapi/vtune/2025.0/bin64/amplxe-perf-sync
80 [136593811703488] INFO perfrun.perfcollector <> - Hypervisor = None
80 [136593811703488] INFO perfrun.perfcollector <> - Counting mode is requested
80 [136593811703488] INFO perfrun.perfcollector <> - Sample after multiplier: 1
80 [136593811703488] INFO perfrun.sdk <> - runCmd: /opt/intel/oneapi/vtune/2025.0/bin64/sep -dry-run -sam 1 -ec CPU_CLK_UNHALTED.THREAD:sa=2200000,CPU_CLK_UNHALTED.REF_TSC:sample:sa=2200000,INST_RETIRED.ANY:sample:sa=2200000,CPU_CLK_UNHALTED.REF_XCLK:sa=100003,CPU_CLK_UNHALTED.ONE_THREAD_ACTIVE:sa=100003,UOPS_RETIRED.RETIRE_SLOTS:sample:sa=2000003,FP_ARITH_INST_RETIRED.SCALAR_SINGLE:sa=2000003,FP_ARITH_INST_RETIRED.128B_PACKED_SINGLE:sa=2000003,FP_ARITH_INST_RETIRED.256B_PACKED_SINGLE:sa=2000003,FP_ARITH_INST_RETIRED.SCALAR_DOUBLE:sa=2000003,FP_ARITH_INST_RETIRED.128B_PACKED_DOUBLE:sa=2000003,FP_ARITH_INST_RETIRED.256B_PACKED_DOUBLE:sa=2000003,UOPS_EXECUTED.X87:sa=2000003,UOPS_EXECUTED.THREAD:sa=2000003,FP_ARITH_INST_RETIRED.512B_PACKED_DOUBLE:sa=2000003,FP_ARITH_INST_RETIRED.512B_PACKED_SINGLE:sa=2000003,CPU_CLK_UNHALTED.THREAD_P,CYCLE_ACTIVITY.STALLS_MEM_ANY:sa=2000003,CYCLE_ACTIVITY.STALLS_TOTAL:sa=2000003,EXE_ACTIVITY.1_PORTS_UTIL:sa=2000003,EXE_ACTIVITY.2_PORTS_UTIL:sa=2000003,EXE_ACTIVITY.BOUND_ON_STORES:sa=2000003,FRONTEND_RETIRED.LATENCY_GE_4_PS,IDQ_UOPS_NOT_DELIVERED.CORE:sa=2000003,INT_MISC.RECOVERY_CYCLES:sa=2000003,UOPS_ISSUED.ANY:sa=2000003,CYCLE_ACTIVITY.STALLS_L1D_MISS:sa=2000003,CYCLE_ACTIVITY.STALLS_L2_MISS:sa=2000003,CYCLE_ACTIVITY.STALLS_L3_MISS:sa=2000003,EXE_ACTIVITY.EXE_BOUND_0_PORTS:sa=2000003,MEM_LOAD_RETIRED.L3_MISS_PS:sa=50003,L1D_PEND_MISS.FB_FULL:cmask=1:sa=2000003,L1D_PEND_MISS.PENDING:sa=2000003,MEM_LOAD_L3_HIT_RETIRED.XSNP_HITM_PS:sa=100003,MEM_LOAD_L3_HIT_RETIRED.XSNP_HIT_PS:sa=100003,MEM_LOAD_L3_HIT_RETIRED.XSNP_MISS_PS:sa=100003,MEM_LOAD_RETIRED.FB_HIT_PS:sa=2000003,MEM_LOAD_RETIRED.L1_MISS_PS:sa=2000003,MEM_LOAD_RETIRED.L2_HIT_PS:sa=2000003,MEM_LOAD_RETIRED.L3_HIT_PS:sa=200003,OFFCORE_REQUESTS_OUTSTANDING.ALL_DATA_RD:cmask=4:sa=2000003,OFFCORE_REQUESTS_OUTSTANDING.CYCLES_WITH_DATA_RD:sa=2000003,MEM_INST_RETIRED.ALL_LOADS_PS:sa=100003,MEM_INST_RETIRED.ALL_STORES_PS:sa=100003,MEM_LOAD_L3_MISS_RETIRED.LOCAL_DRAM_PS:sa=100003,MEM_LOAD_L3_MISS_RETIRED.REMOTE_DRAM_PS:sa=100003,MEM_LOAD_L3_MISS_RETIRED.REMOTE_HITM_PS:sa=100003,MEM_LOAD_L3_MISS_RETIRED.REMOTE_FWD:sa=100003,MEM_LOAD_RETIRED.LOCAL_PMM_PS:sa=100003,MEM_LOAD_L3_MISS_RETIRED.REMOTE_PMM_PS:sa=100003,OCR.ALL_READS.L3_MISS_LOCAL_DRAM.ANY_SNOOP:sa=100003,OCR.ALL_READS.L3_MISS_REMOTE_HOP1_DRAM.ANY_SNOOP:sa=100003,CYCLE_ACTIVITY.CYCLES_L1D_MISS,CYCLE_ACTIVITY.CYCLES_MEM_ANY,DTLB_LOAD_MISSES.STLB_HIT:cmask=1,DTLB_LOAD_MISSES.WALK_ACTIVE,DTLB_STORE_MISSES.STLB_HIT:cmask=1,DTLB_STORE_MISSES.WALK_ACTIVE,L2_RQSTS.ALL_RFO,L2_RQSTS.RFO_HIT,LD_BLOCKS.NO_SR,LD_BLOCKS.STORE_FORWARD,LD_BLOCKS_PARTIAL.ADDRESS_ALIAS,MEM_INST_RETIRED.LOCK_LOADS_PS,MEM_INST_RETIRED.SPLIT_LOADS_PS,MEM_INST_RETIRED.SPLIT_STORES_PS,MEM_INST_RETIRED.STLB_MISS_LOADS_PS,MEM_INST_RETIRED.STLB_MISS_STORES_PS,MEM_LOAD_RETIRED.L1_HIT_PS,OFFCORE_REQUESTS_BUFFER.SQ_FULL,OFFCORE_REQUESTS_OUTSTANDING.CYCLES_WITH_DEMAND_RFO,UNC_M_CAS_COUNT.RD,UNC_M_CAS_COUNT.WR,UNC_M_TAGCHK.MISS_CLEAN,UNC_M_TAGCHK.MISS_DIRTY,UNC_M2M_IMC_READS.TO_PMM,UNC_M2M_IMC_WRITES.TO_PMM,UNC_M2M_TAG_HIT.NM_RD_HIT_CLEAN,UNC_M2M_TAG_HIT.NM_RD_HIT_DIRTY -experimental
80 [136593811703488] INFO perfrun.sdk <> - runCmd started PID 1090816
109 [136593811703488] INFO perfrun.perfcollector <> - SepDryRun RC = true
109 [136593811703488] INFO perfrun.perfcollector <> - Loading SEP event configuration
109 [136593811703488] INFO perfrun.perfcollector <> - pmu: cpu
109 [136593811703488] INFO perfrun.perfcollector <> - group_id: 0
109 [136593811703488] INFO perfrun.perfcollector <> - event_id: 2: INST_RETIRED.ANY
109 [136593811703488] INFO perfrun.perfcollector <> - event_id: 0: CPU_CLK_UNHALTED.THREAD
109 [136593811703488] INFO perfrun.perfcollector <> - event_id: 1: CPU_CLK_UNHALTED.REF_TSC
109 [136593811703488] INFO perfrun.perfcollector <> - event_id: 3: CPU_CLK_UNHALTED.REF_XCLK
109 [136593811703488] INFO perfrun.perfcollector <> - event_id: 4: CPU_CLK_UNHALTED.ONE_THREAD_ACTIVE
109 [136593811703488] INFO perfrun.perfcollector <> - event_id: 5: UOPS_RETIRED.RETIRE_SLOTS
109 [136593811703488] INFO perfrun.perfcollector <> - event_id: 6: FP_ARITH_INST_RETIRED.SCALAR_SINGLE
109 [136593811703488] INFO perfrun.perfcollector <> - event_id: 3: cccr: addr: 186, value: 53013c
109 [136593811703488] INFO perfrun.perfcollector <> - event_id: 4: cccr: addr: 187, value: 53023c
109 [136593811703488] INFO perfrun.perfcollector <> - event_id: 5: cccr: addr: 188, value: 5302c2
109 [136593811703488] INFO perfrun.perfcollector <> - event_id: 6: cccr: addr: 189, value: 5302c7
109 [136593811703488] INFO perfrun.perfcollector <> - event_id: 2: data: addr: 309, value: ffffffffffde6e40
109 [136593811703488] INFO perfrun.perfcollector <> - event_id: 0: data: addr: 30a, value: ffffffffffde6e40
109 [136593811703488] INFO perfrun.perfcollector <> - event_id: 1: data: addr: 30b, value: ffffffffffde6e40
109 [136593811703488] INFO perfrun.perfcollector <> - event_id: 3: data: addr: c1, value: fffffffffffe795d
109 [136593811703488] INFO perfrun.perfcollector <> - event_id: 4: data: addr: c2, value: fffffffffffe795d
109 [136593811703488] INFO perfrun.perfcollector <> - event_id: 5: data: addr: c3, value: ffffffffffe17b7d
109 [136593811703488] INFO perfrun.perfcollector <> - event_id: 6: data: addr: c4, value: ffffffffffe17b7d
109 [136593811703488] INFO perfrun.perfcollector <> - group_id: 1
109 [136593811703488] INFO perfrun.perfcollector <> - event_id: 2: INST_RETIRED.ANY
109 [136593811703488] INFO perfrun.perfcollector <> - event_id: 0: CPU_CLK_UNHALTED.THREAD
109 [136593811703488] INFO perfrun.perfcollector <> - event_id: 1: CPU_CLK_UNHALTED.REF_TSC
109 [136593811703488] INFO perfrun.perfcollector <> - event_id: 7: FP_ARITH_INST_RETIRED.128B_PACKED_SINGLE
109 [136593811703488] INFO perfrun.perfcollector <> - event_id: 8: FP_ARITH_INST_RETIRED.256B_PACKED_SINGLE
109 [136593811703488] INFO perfrun.perfcollector <> - event_id: 9: FP_ARITH_INST_RETIRED.SCALAR_DOUBLE
109 [136593811703488] INFO perfrun.perfcollector <> - event_id: 10: FP_ARITH_INST_RETIRED.128B_PACKED_DOUBLE
109 [136593811703488] INFO perfrun.perfcollector <> - event_id: 7: cccr: addr: 186, value: 5308c7
109 [136593811703488] INFO perfrun.perfcollector <> - event_id: 8: cccr: addr: 187, value: 5320c7
109 [136593811703488] INFO perfrun.perfcollector <> - event_id: 9: cccr: addr: 188, value: 5301c7
109 [136593811703488] INFO perfrun.perfcollector <> - event_id: 10: cccr: addr: 189, value: 5304c7
109 [136593811703488] INFO perfrun.perfcollector <> - event_id: 2: data: addr: 309, value: ffffffffffde6e40
109 [136593811703488] INFO perfrun.perfcollector <> - event_id: 0: data: addr: 30a, value: ffffffffffde6e40
109 [136593811703488] INFO perfrun.perfcollector <> - event_id: 1: data: addr: 30b, value: ffffffffffde6e40
109 [136593811703488] INFO perfrun.perfcollector <> - event_id: 7: data: addr: c1, value: ffffffffffe17b7d
109 [136593811703488] INFO perfrun.perfcollector <> - event_id: 8: data: addr: c2, value: ffffffffffe17b7d
109 [136593811703488] INFO perfrun.perfcollector <> - event_id: 9: data: addr: c3, value: ffffffffffe17b7d
109 [136593811703488] INFO perfrun.perfcollector <> - event_id: 10: data: addr: c4, value: ffffffffffe17b7d
109 [136593811703488] INFO perfrun.perfcollector <> - group_id: 2
109 [136593811703488] INFO perfrun.perfcollector <> - event_id: 2: INST_RETIRED.ANY
109 [136593811703488] INFO perfrun.perfcollector <> - event_id: 0: CPU_CLK_UNHALTED.THREAD
109 [136593811703488] INFO perfrun.perfcollector <> - event_id: 1: CPU_CLK_UNHALTED.REF_TSC
109 [136593811703488] INFO perfrun.perfcollector <> - event_id: 11: FP_ARITH_INST_RETIRED.256B_PACKED_DOUBLE
109 [136593811703488] INFO perfrun.perfcollector <> - event_id: 12: UOPS_EXECUTED.X87
109 [136593811703488] INFO perfrun.perfcollector <> - event_id: 13: UOPS_EXECUTED.THREAD
109 [136593811703488] INFO perfrun.perfcollector <> - event_id: 14: FP_ARITH_INST_RETIRED.512B_PACKED_DOUBLE
109 [136593811703488] INFO perfrun.perfcollector <> - event_id: 11: cccr: addr: 186, value: 5310c7
109 [136593811703488] INFO perfrun.perfcollector <> - event_id: 12: cccr: addr: 187, value: 5310b1
109 [136593811703488] INFO perfrun.perfcollector <> - event_id: 13: cccr: addr: 188, value: 5301b1
109 [136593811703488] INFO perfrun.perfcollector <> - event_id: 14: cccr: addr: 189, value: 5340c7
109 [136593811703488] INFO perfrun.perfcollector <> - event_id: 2: data: addr: 309, value: ffffffffffde6e40
109 [136593811703488] INFO perfrun.perfcollector <> - event_id: 0: data: addr: 30a, value: ffffffffffde6e40
109 [136593811703488] INFO perfrun.perfcollector <> - event_id: 1: data: addr: 30b, value: ffffffffffde6e40
109 [136593811703488] INFO perfrun.perfcollector <> - event_id: 11: data: addr: c1, value: ffffffffffe17b7d
109 [136593811703488] INFO perfrun.perfcollector <> - event_id: 12: data: addr: c2, value: ffffffffffe17b7d
109 [136593811703488] INFO perfrun.perfcollector <> - event_id: 13: data: addr: c3, value: ffffffffffe17b7d
109 [136593811703488] INFO perfrun.perfcollector <> - event_id: 14: data: addr: c4, value: ffffffffffe17b7d
109 [136593811703488] INFO perfrun.perfcollector <> - group_id: 3
109 [136593811703488] INFO perfrun.perfcollector <> - event_id: 2: INST_RETIRED.ANY
109 [136593811703488] INFO perfrun.perfcollector <> - event_id: 0: CPU_CLK_UNHALTED.THREAD
109 [136593811703488] INFO perfrun.perfcollector <> - event_id: 1: CPU_CLK_UNHALTED.REF_TSC
109 [136593811703488] INFO perfrun.perfcollector <> - event_id: 15: FP_ARITH_INST_RETIRED.512B_PACKED_SINGLE
109 [136593811703488] INFO perfrun.perfcollector <> - event_id: 16: CPU_CLK_UNHALTED.THREAD_P
109 [136593811703488] INFO perfrun.perfcollector <> - event_id: 17: CYCLE_ACTIVITY.STALLS_MEM_ANY
109 [136593811703488] INFO perfrun.perfcollector <> - event_id: 18: CYCLE_ACTIVITY.STALLS_TOTAL
109 [136593811703488] INFO perfrun.perfcollector <> - event_id: 15: cccr: addr: 186, value: 5380c7
109 [136593811703488] INFO perfrun.perfcollector <> - event_id: 16: cccr: addr: 187, value: 53003c
109 [136593811703488] INFO perfrun.perfcollector <> - event_id: 17: cccr: addr: 188, value: 145314a3
109 [136593811703488] INFO perfrun.perfcollector <> - event_id: 18: cccr: addr: 189, value: 45304a3
109 [136593811703488] INFO perfrun.perfcollector <> - event_id: 2: data: addr: 309, value: ffffffffffde6e40
109 [136593811703488] INFO perfrun.perfcollector <> - event_id: 0: data: addr: 30a, value: ffffffffffde6e40
109 [136593811703488] INFO perfrun.perfcollector <> - event_id: 1: data: addr: 30b, value: ffffffffffde6e40
109 [136593811703488] INFO perfrun.perfcollector <> - event_id: 15: data: addr: c1, value: ffffffffffe17b7d
109 [136593811703488] INFO perfrun.perfcollector <> - event_id: 16: data: addr: c2, value: ffffffffffe17b7d
109 [136593811703488] INFO perfrun.perfcollector <> - event_id: 17: data: addr: c3, value: ffffffffffe17b7d
109 [136593811703488] INFO perfrun.perfcollector <> - event_id: 18: data: addr: c4, value: ffffffffffe17b7d
109 [136593811703488] INFO perfrun.perfcollector <> - group_id: 4
109 [136593811703488] INFO perfrun.perfcollector <> - event_id: 2: INST_RETIRED.ANY
109 [136593811703488] INFO perfrun.perfcollector <> - event_id: 0: CPU_CLK_UNHALTED.THREAD
109 [136593811703488] INFO perfrun.perfcollector <> - event_id: 1: CPU_CLK_UNHALTED.REF_TSC
109 [136593811703488] INFO perfrun.perfcollector <> - event_id: 19: EXE_ACTIVITY.1_PORTS_UTIL
109 [136593811703488] INFO perfrun.perfcollector <> - event_id: 20: EXE_ACTIVITY.2_PORTS_UTIL
109 [136593811703488] INFO perfrun.perfcollector <> - event_id: 21: EXE_ACTIVITY.BOUND_ON_STORES
109 [136593811703488] INFO perfrun.perfcollector <> - event_id: 22: FRONTEND_RETIRED.LATENCY_GE_4_PS
109 [136593811703488] INFO perfrun.perfcollector <> - group_id: 4: pebs_enable: addr: 3f1, value: 8
109 [136593811703488] INFO perfrun.perfcollector <> - event_id: 19: cccr: addr: 186, value: 5302a6
109 [136593811703488] INFO perfrun.perfcollector <> - event_id: 20: cccr: addr: 187, value: 5304a6
109 [136593811703488] INFO perfrun.perfcollector <> - event_id: 21: cccr: addr: 188, value: 5340a6
109 [136593811703488] INFO perfrun.perfcollector <> - event_id: 22: cccr: addr: 189, value: 4301c6
109 [136593811703488] INFO perfrun.perfcollector <> - event_id: 22: frontend: addr: 3f7, value: 400406
109 [136593811703488] INFO perfrun.perfcollector <> - event_id: 2: data: addr: 309, value: ffffffffffde6e40
109 [136593811703488] INFO perfrun.perfcollector <> - event_id: 0: data: addr: 30a, value: ffffffffffde6e40
109 [136593811703488] INFO perfrun.perfcollector <> - event_id: 1: data: addr: 30b, value: ffffffffffde6e40
109 [136593811703488] INFO perfrun.perfcollector <> - event_id: 19: data: addr: c1, value: ffffffffffe17b7d
109 [136593811703488] INFO perfrun.perfcollector <> - event_id: 20: data: addr: c2, value: ffffffffffe17b7d
109 [136593811703488] INFO perfrun.perfcollector <> - event_id: 21: data: addr: c3, value: ffffffffffe17b7d
109 [136593811703488] INFO perfrun.perfcollector <> - event_id: 22: data: addr: c4, value: fffffffffffe7959
109 [136593811703488] INFO perfrun.perfcollector <> - group_id: 5
109 [136593811703488] INFO perfrun.perfcollector <> - event_id: 2: INST_RETIRED.ANY
109 [136593811703488] INFO perfrun.perfcollector <> - event_id: 0: CPU_CLK_UNHALTED.THREAD
109 [136593811703488] INFO perfrun.perfcollector <> - event_id: 1: CPU_CLK_UNHALTED.REF_TSC
109 [136593811703488] INFO perfrun.perfcollector <> - event_id: 23: IDQ_UOPS_NOT_DELIVERED.CORE
109 [136593811703488] INFO perfrun.perfcollector <> - event_id: 24: INT_MISC.RECOVERY_CYCLES
109 [136593811703488] INFO perfrun.perfcollector <> - event_id: 25: UOPS_ISSUED.ANY
109 [136593811703488] INFO perfrun.perfcollector <> - event_id: 26: CYCLE_ACTIVITY.STALLS_L1D_MISS
109 [136593811703488] INFO perfrun.perfcollector <> - event_id: 23: cccr: addr: 186, value: 53019c
109 [136593811703488] INFO perfrun.perfcollector <> - event_id: 24: cccr: addr: 187, value: 53010d
109 [136593811703488] INFO perfrun.perfcollector <> - event_id: 25: cccr: addr: 188, value: 53010e
109 [136593811703488] INFO perfrun.perfcollector <> - event_id: 26: cccr: addr: 189, value: c530ca3
109 [136593811703488] INFO perfrun.perfcollector <> - event_id: 2: data: addr: 309, value: ffffffffffde6e40
109 [136593811703488] INFO perfrun.perfcollector <> - event_id: 0: data: addr: 30a, value: ffffffffffde6e40
109 [136593811703488] INFO perfrun.perfcollector <> - event_id: 1: data: addr: 30b, value: ffffffffffde6e40
109 [136593811703488] INFO perfrun.perfcollector <> - event_id: 23: data: addr: c1, value: ffffffffffe17b7d
109 [136593811703488] INFO perfrun.perfcollector <> - event_id: 24: data: addr: c2, value: ffffffffffe17b7d
109 [136593811703488] INFO perfrun.perfcollector <> - event_id: 25: data: addr: c3, value: ffffffffffe17b7d
109 [136593811703488] INFO perfrun.perfcollector <> - event_id: 26: data: addr: c4, value: ffffffffffe17b7d
109 [136593811703488] INFO perfrun.perfcollector <> - group_id: 6
109 [136593811703488] INFO perfrun.perfcollector <> - event_id: 2: INST_RETIRED.ANY
109 [136593811703488] INFO perfrun.perfcollector <> - event_id: 0: CPU_CLK_UNHALTED.THREAD
109 [136593811703488] INFO perfrun.perfcollector <> - event_id: 1: CPU_CLK_UNHALTED.REF_TSC
109 [136593811703488] INFO perfrun.perfcollector <> - event_id: 27: CYCLE_ACTIVITY.STALLS_L2_MISS
109 [136593811703488] INFO perfrun.perfcollector <> - event_id: 28: CYCLE_ACTIVITY.STALLS_L3_MISS
109 [136593811703488] INFO perfrun.perfcollector <> - event_id: 29: EXE_ACTIVITY.EXE_BOUND_0_PORTS
109 [136593811703488] INFO perfrun.perfcollector <> - event_id: 30: MEM_LOAD_RETIRED.L3_MISS_PS
109 [136593811703488] INFO perfrun.perfcollector <> - group_id: 6: pebs_enable: addr: 3f1, value: 800000008
109 [136593811703488] INFO perfrun.perfcollector <> - event_id: 27: cccr: addr: 186, value: 55305a3
109 [136593811703488] INFO perfrun.perfcollector <> - event_id: 28: cccr: addr: 187, value: 65306a3
109 [136593811703488] INFO perfrun.perfcollector <> - event_id: 29: cccr: addr: 188, value: 5301a6
109 [136593811703488] INFO perfrun.perfcollector <> - event_id: 30: cccr: addr: 189, value: 4320d1
109 [136593811703488] INFO perfrun.perfcollector <> - event_id: 2: data: addr: 309, value: ffffffffffde6e40
109 [136593811703488] INFO perfrun.perfcollector <> - event_id: 0: data: addr: 30a, value: ffffffffffde6e40
109 [136593811703488] INFO perfrun.perfcollector <> - event_id: 1: data: addr: 30b, value: ffffffffffde6e40
109 [136593811703488] INFO perfrun.perfcollector <> - event_id: 27: data: addr: c1, value: ffffffffffe17b7d
109 [136593811703488] INFO perfrun.perfcollector <> - event_id: 28: data: addr: c2, value: ffffffffffe17b7d
110 [136593811703488] INFO perfrun.perfcollector <> - event_id: 29: data: addr: c3, value: ffffffffffe17b7d
110 [136593811703488] INFO perfrun.perfcollector <> - event_id: 30: data: addr: c4, value: ffffffffffff3cad
110 [136593811703488] INFO perfrun.perfcollector <> - group_id: 7
110 [136593811703488] INFO perfrun.perfcollector <> - event_id: 2: INST_RETIRED.ANY
110 [136593811703488] INFO perfrun.perfcollector <> - event_id: 0: CPU_CLK_UNHALTED.THREAD
110 [136593811703488] INFO perfrun.perfcollector <> - event_id: 1: CPU_CLK_UNHALTED.REF_TSC
110 [136593811703488] INFO perfrun.perfcollector <> - event_id: 31: L1D_PEND_MISS.FB_FULL:cmask=1
110 [136593811703488] INFO perfrun.perfcollector <> - event_id: 32: L1D_PEND_MISS.PENDING
110 [136593811703488] INFO perfrun.perfcollector <> - event_id: 33: MEM_LOAD_L3_HIT_RETIRED.XSNP_HITM_PS
110 [136593811703488] INFO perfrun.perfcollector <> - event_id: 34: MEM_LOAD_L3_HIT_RETIRED.XSNP_HIT_PS
110 [136593811703488] INFO perfrun.perfcollector <> - group_id: 7: pebs_enable: addr: 3f1, value: c0000000c
110 [136593811703488] INFO perfrun.perfcollector <> - event_id: 31: cccr: addr: 186, value: 1530248
110 [136593811703488] INFO perfrun.perfcollector <> - event_id: 32: cccr: addr: 187, value: 530148
110 [136593811703488] INFO perfrun.perfcollector <> - event_id: 33: cccr: addr: 188, value: 4304d2
110 [136593811703488] INFO perfrun.perfcollector <> - event_id: 34: cccr: addr: 189, value: 4302d2
110 [136593811703488] INFO perfrun.perfcollector <> - event_id: 2: data: addr: 309, value: ffffffffffde6e40
110 [136593811703488] INFO perfrun.perfcollector <> - event_id: 0: data: addr: 30a, value: ffffffffffde6e40
110 [136593811703488] INFO perfrun.perfcollector <> - event_id: 1: data: addr: 30b, value: ffffffffffde6e40
110 [136593811703488] INFO perfrun.perfcollector <> - event_id: 31: data: addr: c1, value: ffffffffffe17b7d
110 [136593811703488] INFO perfrun.perfcollector <> - event_id: 32: data: addr: c2, value: ffffffffffe17b7d
110 [136593811703488] INFO perfrun.perfcollector <> - event_id: 33: data: addr: c3, value: fffffffffffe795d
110 [136593811703488] INFO perfrun.perfcollector <> - event_id: 34: data: addr: c4, value: fffffffffffe795d
110 [136593811703488] INFO perfrun.perfcollector <> - group_id: 8
110 [136593811703488] INFO perfrun.perfcollector <> - event_id: 2: INST_RETIRED.ANY
110 [136593811703488] INFO perfrun.perfcollector <> - event_id: 0: CPU_CLK_UNHALTED.THREAD
110 [136593811703488] INFO perfrun.perfcollector <> - event_id: 1: CPU_CLK_UNHALTED.REF_TSC
110 [136593811703488] INFO perfrun.perfcollector <> - event_id: 35: MEM_LOAD_L3_HIT_RETIRED.XSNP_MISS_PS
110 [136593811703488] INFO perfrun.perfcollector <> - event_id: 36: MEM_LOAD_RETIRED.FB_HIT_PS
110 [136593811703488] INFO perfrun.perfcollector <> - event_id: 37: MEM_LOAD_RETIRED.L1_MISS_PS
110 [136593811703488] INFO perfrun.perfcollector <> - event_id: 38: MEM_LOAD_RETIRED.L2_HIT_PS
110 [136593811703488] INFO perfrun.perfcollector <> - group_id: 8: pebs_enable: addr: 3f1, value: f0000000f
110 [136593811703488] INFO perfrun.perfcollector <> - event_id: 35: cccr: addr: 186, value: 4301d2
110 [136593811703488] INFO perfrun.perfcollector <> - event_id: 36: cccr: addr: 187, value: 4340d1
110 [136593811703488] INFO perfrun.perfcollector <> - event_id: 37: cccr: addr: 188, value: 4308d1
110 [136593811703488] INFO perfrun.perfcollector <> - event_id: 38: cccr: addr: 189, value: 4302d1
110 [136593811703488] INFO perfrun.perfcollector <> - event_id: 2: data: addr: 309, value: ffffffffffde6e40
110 [136593811703488] INFO perfrun.perfcollector <> - event_id: 0: data: addr: 30a, value: ffffffffffde6e40
110 [136593811703488] INFO perfrun.perfcollector <> - event_id: 1: data: addr: 30b, value: ffffffffffde6e40
110 [136593811703488] INFO perfrun.perfcollector <> - event_id: 35: data: addr: c1, value: fffffffffffe795d
110 [136593811703488] INFO perfrun.perfcollector <> - event_id: 36: data: addr: c2, value: ffffffffffe17b7d
110 [136593811703488] INFO perfrun.perfcollector <> - event_id: 37: data: addr: c3, value: ffffffffffe17b7d
110 [136593811703488] INFO perfrun.perfcollector <> - event_id: 38: data: addr: c4, value: ffffffffffe17b7d
110 [136593811703488] INFO perfrun.perfcollector <> - group_id: 9
110 [136593811703488] INFO perfrun.perfcollector <> - event_id: 2: INST_RETIRED.ANY
110 [136593811703488] INFO perfrun.perfcollector <> - event_id: 0: CPU_CLK_UNHALTED.THREAD
110 [136593811703488] INFO perfrun.perfcollector <> - event_id: 1: CPU_CLK_UNHALTED.REF_TSC
110 [136593811703488] INFO perfrun.perfcollector <> - event_id: 39: MEM_LOAD_RETIRED.L3_HIT_PS
110 [136593811703488] INFO perfrun.perfcollector <> - event_id: 40: OFFCORE_REQUESTS_OUTSTANDING.ALL_DATA_RD:cmask=4
110 [136593811703488] INFO perfrun.perfcollector <> - event_id: 41: OFFCORE_REQUESTS_OUTSTANDING.CYCLES_WITH_DATA_RD
110 [136593811703488] INFO perfrun.perfcollector <> - event_id: 42: MEM_INST_RETIRED.ALL_LOADS_PS
110 [136593811703488] INFO perfrun.perfcollector <> - group_id: 9: pebs_enable: addr: 3f1, value: 900000009
110 [136593811703488] INFO perfrun.perfcollector <> - event_id: 39: cccr: addr: 186, value: 4304d1
110 [136593811703488] INFO perfrun.perfcollector <> - event_id: 40: cccr: addr: 187, value: 4530860
110 [136593811703488] INFO perfrun.perfcollector <> - event_id: 41: cccr: addr: 188, value: 1530860
110 [136593811703488] INFO perfrun.perfcollector <> - event_id: 42: cccr: addr: 189, value: 4381d0
110 [136593811703488] INFO perfrun.perfcollector <> - event_id: 2: data: addr: 309, value: ffffffffffde6e40
110 [136593811703488] INFO perfrun.perfcollector <> - event_id: 0: data: addr: 30a, value: ffffffffffde6e40
110 [136593811703488] INFO perfrun.perfcollector <> - event_id: 1: data: addr: 30b, value: ffffffffffde6e40
110 [136593811703488] INFO perfrun.perfcollector <> - event_id: 39: data: addr: c1, value: fffffffffffcf2bd
110 [136593811703488] INFO perfrun.perfcollector <> - event_id: 40: data: addr: c2, value: ffffffffffe17b7d
110 [136593811703488] INFO perfrun.perfcollector <> - event_id: 41: data: addr: c3, value: ffffffffffe17b7d
110 [136593811703488] INFO perfrun.perfcollector <> - event_id: 42: data: addr: c4, value: fffffffffffe795d
110 [136593811703488] INFO perfrun.perfcollector <> - group_id: 10
110 [136593811703488] INFO perfrun.perfcollector <> - event_id: 2: INST_RETIRED.ANY
110 [136593811703488] INFO perfrun.perfcollector <> - event_id: 0: CPU_CLK_UNHALTED.THREAD
110 [136593811703488] INFO perfrun.perfcollector <> - event_id: 1: CPU_CLK_UNHALTED.REF_TSC
110 [136593811703488] INFO perfrun.perfcollector <> - event_id: 43: MEM_INST_RETIRED.ALL_STORES_PS
110 [136593811703488] INFO perfrun.perfcollector <> - event_id: 44: MEM_LOAD_L3_MISS_RETIRED.LOCAL_DRAM_PS
110 [136593811703488] INFO perfrun.perfcollector <> - event_id: 45: MEM_LOAD_L3_MISS_RETIRED.REMOTE_DRAM_PS
110 [136593811703488] INFO perfrun.perfcollector <> - event_id: 46: MEM_LOAD_L3_MISS_RETIRED.REMOTE_HITM_PS
110 [136593811703488] INFO perfrun.perfcollector <> - group_id: 10: pebs_enable: addr: 3f1, value: f0000000f
110 [136593811703488] INFO perfrun.perfcollector <> - event_id: 43: cccr: addr: 186, value: 4382d0
110 [136593811703488] INFO perfrun.perfcollector <> - event_id: 44: cccr: addr: 187, value: 4301d3
110 [136593811703488] INFO perfrun.perfcollector <> - event_id: 45: cccr: addr: 188, value: 4302d3
110 [136593811703488] INFO perfrun.perfcollector <> - event_id: 46: cccr: addr: 189, value: 4304d3
110 [136593811703488] INFO perfrun.perfcollector <> - event_id: 2: data: addr: 309, value: ffffffffffde6e40
110 [136593811703488] INFO perfrun.perfcollector <> - event_id: 0: data: addr: 30a, value: ffffffffffde6e40
110 [136593811703488] INFO perfrun.perfcollector <> - event_id: 1: data: addr: 30b, value: ffffffffffde6e40
110 [136593811703488] INFO perfrun.perfcollector <> - event_id: 43: data: addr: c1, value: fffffffffffe795d
110 [136593811703488] INFO perfrun.perfcollector <> - event_id: 44: data: addr: c2, value: fffffffffffe795d
110 [136593811703488] INFO perfrun.perfcollector <> - event_id: 45: data: addr: c3, value: fffffffffffe795d
110 [136593811703488] INFO perfrun.perfcollector <> - event_id: 46: data: addr: c4, value: fffffffffffe795d
110 [136593811703488] INFO perfrun.perfcollector <> - group_id: 11
110 [136593811703488] INFO perfrun.perfcollector <> - event_id: 2: INST_RETIRED.ANY
110 [136593811703488] INFO perfrun.perfcollector <> - event_id: 0: CPU_CLK_UNHALTED.THREAD
110 [136593811703488] INFO perfrun.perfcollector <> - event_id: 1: CPU_CLK_UNHALTED.REF_TSC
110 [136593811703488] INFO perfrun.perfcollector <> - event_id: 47: MEM_LOAD_L3_MISS_RETIRED.REMOTE_FWD
110 [136593811703488] INFO perfrun.perfcollector <> - event_id: 48: MEM_LOAD_RETIRED.LOCAL_PMM_PS
110 [136593811703488] INFO perfrun.perfcollector <> - event_id: 49: MEM_LOAD_L3_MISS_RETIRED.REMOTE_PMM_PS
110 [136593811703488] INFO perfrun.perfcollector <> - event_id: 50: OCR.ALL_READS.L3_MISS_LOCAL_DRAM.ANY_SNOOP
110 [136593811703488] INFO perfrun.perfcollector <> - group_id: 11: pebs_enable: addr: 3f1, value: 600000006
110 [136593811703488] INFO perfrun.perfcollector <> - event_id: 47: cccr: addr: 186, value: 5308d3
110 [136593811703488] INFO perfrun.perfcollector <> - event_id: 48: cccr: addr: 187, value: 4380d1
110 [136593811703488] INFO perfrun.perfcollector <> - event_id: 49: cccr: addr: 188, value: 4310d3
110 [136593811703488] INFO perfrun.perfcollector <> - event_id: 50: cccr: addr: 189, value: 5301b7
110 [136593811703488] INFO perfrun.perfcollector <> - event_id: 50: offcore_rsp: addr: 1a6, value: 3f840007f7
110 [136593811703488] INFO perfrun.perfcollector <> - event_id: 2: data: addr: 309, value: ffffffffffde6e40
110 [136593811703488] INFO perfrun.perfcollector <> - event_id: 0: data: addr: 30a, value: ffffffffffde6e40
110 [136593811703488] INFO perfrun.perfcollector <> - event_id: 1: data: addr: 30b, value: ffffffffffde6e40
110 [136593811703488] INFO perfrun.perfcollector <> - event_id: 47: data: addr: c1, value: fffffffffffe795d
110 [136593811703488] INFO perfrun.perfcollector <> - event_id: 48: data: addr: c2, value: fffffffffffe795d
110 [136593811703488] INFO perfrun.perfcollector <> - event_id: 49: data: addr: c3, value: fffffffffffe795d
110 [136593811703488] INFO perfrun.perfcollector <> - event_id: 50: data: addr: c4, value: fffffffffffe795d
110 [136593811703488] INFO perfrun.perfcollector <> - group_id: 12
110 [136593811703488] INFO perfrun.perfcollector <> - event_id: 2: INST_RETIRED.ANY
110 [136593811703488] INFO perfrun.perfcollector <> - event_id: 0: CPU_CLK_UNHALTED.THREAD
110 [136593811703488] INFO perfrun.perfcollector <> - event_id: 1: CPU_CLK_UNHALTED.REF_TSC
110 [136593811703488] INFO perfrun.perfcollector <> - event_id: 51: OCR.ALL_READS.L3_MISS_REMOTE_HOP1_DRAM.ANY_SNOOP
110 [136593811703488] INFO perfrun.perfcollector <> - event_id: 52: CYCLE_ACTIVITY.CYCLES_L1D_MISS
110 [136593811703488] INFO perfrun.perfcollector <> - event_id: 53: CYCLE_ACTIVITY.CYCLES_MEM_ANY
110 [136593811703488] INFO perfrun.perfcollector <> - event_id: 54: DTLB_LOAD_MISSES.STLB_HIT:cmask=1
110 [136593811703488] INFO perfrun.perfcollector <> - event_id: 51: cccr: addr: 186, value: 5301b7
110 [136593811703488] INFO perfrun.perfcollector <> - event_id: 52: cccr: addr: 187, value: 85308a3
110 [136593811703488] INFO perfrun.perfcollector <> - event_id: 53: cccr: addr: 188, value: 105310a3
110 [136593811703488] INFO perfrun.perfcollector <> - event_id: 54: cccr: addr: 189, value: 1532008
110 [136593811703488] INFO perfrun.perfcollector <> - event_id: 51: offcore_rsp: addr: 1a6, value: 3f900007f7
110 [136593811703488] INFO perfrun.perfcollector <> - event_id: 2: data: addr: 309, value: ffffffffffde6e40
110 [136593811703488] INFO perfrun.perfcollector <> - event_id: 0: data: addr: 30a, value: ffffffffffde6e40
110 [136593811703488] INFO perfrun.perfcollector <> - event_id: 1: data: addr: 30b, value: ffffffffffde6e40
110 [136593811703488] INFO perfrun.perfcollector <> - event_id: 51: data: addr: c1, value: fffffffffffe795d
110 [136593811703488] INFO perfrun.perfcollector <> - event_id: 52: data: addr: c2, value: ffffffffffe17b7d
110 [136593811703488] INFO perfrun.perfcollector <> - event_id: 53: data: addr: c3, value: ffffffffffe17b7d
110 [136593811703488] INFO perfrun.perfcollector <> - event_id: 54: data: addr: c4, value: ffffffffffe17b7d
110 [136593811703488] INFO perfrun.perfcollector <> - group_id: 13
110 [136593811703488] INFO perfrun.perfcollector <> - event_id: 2: INST_RETIRED.ANY
110 [136593811703488] INFO perfrun.perfcollector <> - event_id: 0: CPU_CLK_UNHALTED.THREAD
110 [136593811703488] INFO perfrun.perfcollector <> - event_id: 1: CPU_CLK_UNHALTED.REF_TSC
110 [136593811703488] INFO perfrun.perfcollector <> - event_id: 55: DTLB_LOAD_MISSES.WALK_ACTIVE
110 [136593811703488] INFO perfrun.perfcollector <> - event_id: 56: DTLB_STORE_MISSES.STLB_HIT:cmask=1
110 [136593811703488] INFO perfrun.perfcollector <> - event_id: 57: DTLB_STORE_MISSES.WALK_ACTIVE
110 [136593811703488] INFO perfrun.perfcollector <> - event_id: 58: L2_RQSTS.ALL_RFO
110 [136593811703488] INFO perfrun.perfcollector <> - event_id: 55: cccr: addr: 186, value: 1531008
110 [136593811703488] INFO perfrun.perfcollector <> - event_id: 56: cccr: addr: 187, value: 1532049
110 [136593811703488] INFO perfrun.perfcollector <> - event_id: 57: cccr: addr: 188, value: 1531049
110 [136593811703488] INFO perfrun.perfcollector <> - event_id: 58: cccr: addr: 189, value: 53e224
110 [136593811703488] INFO perfrun.perfcollector <> - event_id: 2: data: addr: 309, value: ffffffffffde6e40
110 [136593811703488] INFO perfrun.perfcollector <> - event_id: 0: data: addr: 30a, value: ffffffffffde6e40
110 [136593811703488] INFO perfrun.perfcollector <> - event_id: 1: data: addr: 30b, value: ffffffffffde6e40
110 [136593811703488] INFO perfrun.perfcollector <> - event_id: 55: data: addr: c1, value: fffffffffffe795d
110 [136593811703488] INFO perfrun.perfcollector <> - event_id: 56: data: addr: c2, value: fffffffffffe795d
110 [136593811703488] INFO perfrun.perfcollector <> - event_id: 57: data: addr: c3, value: fffffffffffe795d
110 [136593811703488] INFO perfrun.perfcollector <> - event_id: 58: data: addr: c4, value: fffffffffffcf2bd
110 [136593811703488] INFO perfrun.perfcollector <> - group_id: 14
110 [136593811703488] INFO perfrun.perfcollector <> - event_id: 2: INST_RETIRED.ANY
110 [136593811703488] INFO perfrun.perfcollector <> - event_id: 0: CPU_CLK_UNHALTED.THREAD
110 [136593811703488] INFO perfrun.perfcollector <> - event_id: 1: CPU_CLK_UNHALTED.REF_TSC
110 [136593811703488] INFO perfrun.perfcollector <> - event_id: 59: L2_RQSTS.RFO_HIT
110 [136593811703488] INFO perfrun.perfcollector <> - event_id: 60: LD_BLOCKS.NO_SR
110 [136593811703488] INFO perfrun.perfcollector <> - event_id: 61: LD_BLOCKS.STORE_FORWARD
110 [136593811703488] INFO perfrun.perfcollector <> - event_id: 62: LD_BLOCKS_PARTIAL.ADDRESS_ALIAS
110 [136593811703488] INFO perfrun.perfcollector <> - event_id: 59: cccr: addr: 186, value: 53c224
110 [136593811703488] INFO perfrun.perfcollector <> - event_id: 60: cccr: addr: 187, value: 530803
110 [136593811703488] INFO perfrun.perfcollector <> - event_id: 61: cccr: addr: 188, value: 530203
110 [136593811703488] INFO perfrun.perfcollector <> - event_id: 62: cccr: addr: 189, value: 530107
110 [136593811703488] INFO perfrun.perfcollector <> - event_id: 2: data: addr: 309, value: ffffffffffde6e40
110 [136593811703488] INFO perfrun.perfcollector <> - event_id: 0: data: addr: 30a, value: ffffffffffde6e40
110 [136593811703488] INFO perfrun.perfcollector <> - event_id: 1: data: addr: 30b, value: ffffffffffde6e40
110 [136593811703488] INFO perfrun.perfcollector <> - event_id: 59: data: addr: c1, value: fffffffffffcf2bd
110 [136593811703488] INFO perfrun.perfcollector <> - event_id: 60: data: addr: c2, value: fffffffffffe795d
110 [136593811703488] INFO perfrun.perfcollector <> - event_id: 61: data: addr: c3, value: fffffffffffe795d
110 [136593811703488] INFO perfrun.perfcollector <> - event_id: 62: data: addr: c4, value: fffffffffffe795d
110 [136593811703488] INFO perfrun.perfcollector <> - group_id: 15
110 [136593811703488] INFO perfrun.perfcollector <> - event_id: 2: INST_RETIRED.ANY
110 [136593811703488] INFO perfrun.perfcollector <> - event_id: 0: CPU_CLK_UNHALTED.THREAD
110 [136593811703488] INFO perfrun.perfcollector <> - event_id: 1: CPU_CLK_UNHALTED.REF_TSC
110 [136593811703488] INFO perfrun.perfcollector <> - event_id: 63: MEM_INST_RETIRED.LOCK_LOADS_PS
110 [136593811703488] INFO perfrun.perfcollector <> - event_id: 64: MEM_INST_RETIRED.SPLIT_LOADS_PS
110 [136593811703488] INFO perfrun.perfcollector <> - event_id: 65: MEM_INST_RETIRED.SPLIT_STORES_PS
110 [136593811703488] INFO perfrun.perfcollector <> - event_id: 66: MEM_INST_RETIRED.STLB_MISS_LOADS_PS
110 [136593811703488] INFO perfrun.perfcollector <> - group_id: 15: pebs_enable: addr: 3f1, value: f0000000f
110 [136593811703488] INFO perfrun.perfcollector <> - event_id: 63: cccr: addr: 186, value: 4321d0
110 [136593811703488] INFO perfrun.perfcollector <> - event_id: 64: cccr: addr: 187, value: 4341d0
110 [136593811703488] INFO perfrun.perfcollector <> - event_id: 65: cccr: addr: 188, value: 4342d0
110 [136593811703488] INFO perfrun.perfcollector <> - event_id: 66: cccr: addr: 189, value: 4311d0
110 [136593811703488] INFO perfrun.perfcollector <> - event_id: 2: data: addr: 309, value: ffffffffffde6e40
110 [136593811703488] INFO perfrun.perfcollector <> - event_id: 0: data: addr: 30a, value: ffffffffffde6e40
110 [136593811703488] INFO perfrun.perfcollector <> - event_id: 1: data: addr: 30b, value: ffffffffffde6e40
110 [136593811703488] INFO perfrun.perfcollector <> - event_id: 63: data: addr: c1, value: fffffffffffe7959
110 [136593811703488] INFO perfrun.perfcollector <> - event_id: 64: data: addr: c2, value: fffffffffffe795d
110 [136593811703488] INFO perfrun.perfcollector <> - event_id: 65: data: addr: c3, value: fffffffffffe795d
110 [136593811703488] INFO perfrun.perfcollector <> - event_id: 66: data: addr: c4, value: fffffffffffe795d
110 [136593811703488] INFO perfrun.perfcollector <> - group_id: 16
110 [136593811703488] INFO perfrun.perfcollector <> - event_id: 2: INST_RETIRED.ANY
110 [136593811703488] INFO perfrun.perfcollector <> - event_id: 0: CPU_CLK_UNHALTED.THREAD
110 [136593811703488] INFO perfrun.perfcollector <> - event_id: 1: CPU_CLK_UNHALTED.REF_TSC
110 [136593811703488] INFO perfrun.perfcollector <> - event_id: 67: MEM_INST_RETIRED.STLB_MISS_STORES_PS
110 [136593811703488] INFO perfrun.perfcollector <> - event_id: 68: MEM_LOAD_RETIRED.L1_HIT_PS
110 [136593811703488] INFO perfrun.perfcollector <> - event_id: 69: OFFCORE_REQUESTS_BUFFER.SQ_FULL
110 [136593811703488] INFO perfrun.perfcollector <> - event_id: 70: OFFCORE_REQUESTS_OUTSTANDING.CYCLES_WITH_DEMAND_RFO
110 [136593811703488] INFO perfrun.perfcollector <> - group_id: 16: pebs_enable: addr: 3f1, value: 300000003
110 [136593811703488] INFO perfrun.perfcollector <> - event_id: 67: cccr: addr: 186, value: 4312d0
110 [136593811703488] INFO perfrun.perfcollector <> - event_id: 68: cccr: addr: 187, value: 4301d1
110 [136593811703488] INFO perfrun.perfcollector <> - event_id: 69: cccr: addr: 188, value: 5301b2
110 [136593811703488] INFO perfrun.perfcollector <> - event_id: 70: cccr: addr: 189, value: 1530460
110 [136593811703488] INFO perfrun.perfcollector <> - event_id: 2: data: addr: 309, value: ffffffffffde6e40
110 [136593811703488] INFO perfrun.perfcollector <> - event_id: 0: data: addr: 30a, value: ffffffffffde6e40
110 [136593811703488] INFO perfrun.perfcollector <> - event_id: 1: data: addr: 30b, value: ffffffffffde6e40
110 [136593811703488] INFO perfrun.perfcollector <> - event_id: 67: data: addr: c1, value: fffffffffffe795d
110 [136593811703488] INFO perfrun.perfcollector <> - event_id: 68: data: addr: c2, value: ffffffffffe17b7d
110 [136593811703488] INFO perfrun.perfcollector <> - event_id: 69: data: addr: c3, value: ffffffffffe17b7d
110 [136593811703488] INFO perfrun.perfcollector <> - event_id: 70: data: addr: c4, value: ffffffffffe17b7d
110 [136593811703488] INFO perfrun.perfcollector <> - pmu: uncore_imc
110 [136593811703488] INFO perfrun.perfcollector <> - unit_count: 6
110 [136593811703488] INFO perfrun.perfcollector <> - group_id: 0
110 [136593811703488] INFO perfrun.perfcollector <> - event_id: 71: UNC_M_CAS_COUNT.RD
110 [136593811703488] INFO perfrun.perfcollector <> - event_id: 72: UNC_M_CAS_COUNT.WR
110 [136593811703488] INFO perfrun.perfcollector <> - event_id: 73: UNC_M_TAGCHK.MISS_CLEAN
110 [136593811703488] INFO perfrun.perfcollector <> - event_id: 74: UNC_M_TAGCHK.MISS_DIRTY
111 [136593811703488] INFO perfrun.perfcollector <> - event_id: 71: cccr: addr: d8, value: 400304
111 [136593811703488] INFO perfrun.perfcollector <> - event_id: 72: cccr: addr: dc, value: 400c04
111 [136593811703488] INFO perfrun.perfcollector <> - event_id: 73: cccr: addr: e0, value: 4002d3
111 [136593811703488] INFO perfrun.perfcollector <> - event_id: 74: cccr: addr: e4, value: 4004d3
111 [136593811703488] INFO perfrun.perfcollector <> - event_id: 71: cccr: addr: d8, value: 400304
111 [136593811703488] INFO perfrun.perfcollector <> - event_id: 72: cccr: addr: dc, value: 400c04
111 [136593811703488] INFO perfrun.perfcollector <> - event_id: 73: cccr: addr: e0, value: 4002d3
111 [136593811703488] INFO perfrun.perfcollector <> - event_id: 74: cccr: addr: e4, value: 4004d3
111 [136593811703488] INFO perfrun.perfcollector <> - event_id: 71: cccr: addr: d8, value: 400304
111 [136593811703488] INFO perfrun.perfcollector <> - event_id: 72: cccr: addr: dc, value: 400c04
111 [136593811703488] INFO perfrun.perfcollector <> - event_id: 73: cccr: addr: e0, value: 4002d3
111 [136593811703488] INFO perfrun.perfcollector <> - event_id: 74: cccr: addr: e4, value: 4004d3
111 [136593811703488] INFO perfrun.perfcollector <> - event_id: 71: cccr: addr: d8, value: 400304
111 [136593811703488] INFO perfrun.perfcollector <> - event_id: 72: cccr: addr: dc, value: 400c04
111 [136593811703488] INFO perfrun.perfcollector <> - event_id: 73: cccr: addr: e0, value: 4002d3
111 [136593811703488] INFO perfrun.perfcollector <> - event_id: 74: cccr: addr: e4, value: 4004d3
111 [136593811703488] INFO perfrun.perfcollector <> - event_id: 71: cccr: addr: d8, value: 400304
111 [136593811703488] INFO perfrun.perfcollector <> - event_id: 72: cccr: addr: dc, value: 400c04
111 [136593811703488] INFO perfrun.perfcollector <> - event_id: 73: cccr: addr: e0, value: 4002d3
111 [136593811703488] INFO perfrun.perfcollector <> - event_id: 74: cccr: addr: e4, value: 4004d3
111 [136593811703488] INFO perfrun.perfcollector <> - event_id: 71: cccr: addr: d8, value: 400304
111 [136593811703488] INFO perfrun.perfcollector <> - event_id: 72: cccr: addr: dc, value: 400c04
111 [136593811703488] INFO perfrun.perfcollector <> - event_id: 73: cccr: addr: e0, value: 4002d3
111 [136593811703488] INFO perfrun.perfcollector <> - event_id: 74: cccr: addr: e4, value: 4004d3
111 [136593811703488] INFO perfrun.perfcollector <> - event_id: 71: data: addr: a0, value: 0
111 [136593811703488] INFO perfrun.perfcollector <> - event_id: 72: data: addr: a8, value: 0
111 [136593811703488] INFO perfrun.perfcollector <> - event_id: 73: data: addr: b0, value: 0
111 [136593811703488] INFO perfrun.perfcollector <> - event_id: 74: data: addr: b8, value: 0
111 [136593811703488] INFO perfrun.perfcollector <> - event_id: 71: data: addr: a0, value: 0
111 [136593811703488] INFO perfrun.perfcollector <> - event_id: 72: data: addr: a8, value: 0
111 [136593811703488] INFO perfrun.perfcollector <> - event_id: 73: data: addr: b0, value: 0
111 [136593811703488] INFO perfrun.perfcollector <> - event_id: 74: data: addr: b8, value: 0
111 [136593811703488] INFO perfrun.perfcollector <> - event_id: 71: data: addr: a0, value: 0
111 [136593811703488] INFO perfrun.perfcollector <> - event_id: 72: data: addr: a8, value: 0
111 [136593811703488] INFO perfrun.perfcollector <> - event_id: 73: data: addr: b0, value: 0
111 [136593811703488] INFO perfrun.perfcollector <> - event_id: 74: data: addr: b8, value: 0
111 [136593811703488] INFO perfrun.perfcollector <> - event_id: 71: data: addr: a0, value: 0
111 [136593811703488] INFO perfrun.perfcollector <> - event_id: 72: data: addr: a8, value: 0
111 [136593811703488] INFO perfrun.perfcollector <> - event_id: 73: data: addr: b0, value: 0
111 [136593811703488] INFO perfrun.perfcollector <> - event_id: 74: data: addr: b8, value: 0
111 [136593811703488] INFO perfrun.perfcollector <> - event_id: 71: data: addr: a0, value: 0
111 [136593811703488] INFO perfrun.perfcollector <> - event_id: 72: data: addr: a8, value: 0
111 [136593811703488] INFO perfrun.perfcollector <> - event_id: 73: data: addr: b0, value: 0
111 [136593811703488] INFO perfrun.perfcollector <> - event_id: 74: data: addr: b8, value: 0
111 [136593811703488] INFO perfrun.perfcollector <> - event_id: 71: data: addr: a0, value: 0
111 [136593811703488] INFO perfrun.perfcollector <> - event_id: 72: data: addr: a8, value: 0
111 [136593811703488] INFO perfrun.perfcollector <> - event_id: 73: data: addr: b0, value: 0
111 [136593811703488] INFO perfrun.perfcollector <> - event_id: 74: data: addr: b8, value: 0
111 [136593811703488] INFO perfrun.perfcollector <> - pmu: uncore_m2m
111 [136593811703488] INFO perfrun.perfcollector <> - unit_count: 2
111 [136593811703488] INFO perfrun.perfcollector <> - group_id: 0
111 [136593811703488] INFO perfrun.perfcollector <> - event_id: 75: UNC_M2M_IMC_READS.TO_PMM
111 [136593811703488] INFO perfrun.perfcollector <> - event_id: 76: UNC_M2M_IMC_WRITES.TO_PMM
111 [136593811703488] INFO perfrun.perfcollector <> - event_id: 77: UNC_M2M_TAG_HIT.NM_RD_HIT_CLEAN
111 [136593811703488] INFO perfrun.perfcollector <> - event_id: 78: UNC_M2M_TAG_HIT.NM_RD_HIT_DIRTY
111 [136593811703488] INFO perfrun.perfcollector <> - event_id: 75: cccr: addr: 228, value: 400837
111 [136593811703488] INFO perfrun.perfcollector <> - event_id: 76: cccr: addr: 230, value: 402038
111 [136593811703488] INFO perfrun.perfcollector <> - event_id: 77: cccr: addr: 238, value: 40012c
111 [136593811703488] INFO perfrun.perfcollector <> - event_id: 78: cccr: addr: 240, value: 40022c
111 [136593811703488] INFO perfrun.perfcollector <> - event_id: 75: cccr: addr: 228, value: 400837
111 [136593811703488] INFO perfrun.perfcollector <> - event_id: 76: cccr: addr: 230, value: 402038
111 [136593811703488] INFO perfrun.perfcollector <> - event_id: 77: cccr: addr: 238, value: 40012c
111 [136593811703488] INFO perfrun.perfcollector <> - event_id: 78: cccr: addr: 240, value: 40022c
111 [136593811703488] INFO perfrun.perfcollector <> - event_id: 75: data: addr: 200, value: 0
111 [136593811703488] INFO perfrun.perfcollector <> - event_id: 76: data: addr: 208, value: 0
111 [136593811703488] INFO perfrun.perfcollector <> - event_id: 77: data: addr: 210, value: 0
111 [136593811703488] INFO perfrun.perfcollector <> - event_id: 78: data: addr: 218, value: 0
111 [136593811703488] INFO perfrun.perfcollector <> - event_id: 75: data: addr: 200, value: 0
111 [136593811703488] INFO perfrun.perfcollector <> - event_id: 76: data: addr: 208, value: 0
111 [136593811703488] INFO perfrun.perfcollector <> - event_id: 77: data: addr: 210, value: 0
111 [136593811703488] INFO perfrun.perfcollector <> - event_id: 78: data: addr: 218, value: 0
111 [136593811703488] INFO perfrun.perfcollector <> - Converting events to Perf format
111 [136593811703488] INFO perfrun.perfcollector <> - event: 0: CPU_CLK_UNHALTED.THREAD
111 [136593811703488] INFO perfrun.perfcollector <> - cccr: addr: ffffffff, value: 0
111 [136593811703488] INFO perfrun.perfcollector <> - data: addr: 30a, value: ffffffffffde6e40
111 [136593811703488] INFO perfrun.perfcollector <> - pebs_enable: 300000003
111 [136593811703488] INFO perfrun.perfcollector <> - pmu config: cpu
111 [136593811703488] INFO perfrun.perfcollector <> - config: any: 0
111 [136593811703488] INFO perfrun.perfcollector <> - config: cmask: 0
111 [136593811703488] INFO perfrun.perfcollector <> - config: edge: 0
111 [136593811703488] INFO perfrun.perfcollector <> - config: event: 3c
111 [136593811703488] INFO perfrun.perfcollector <> - config1: frontend: 0
111 [136593811703488] INFO perfrun.perfcollector <> - config: inv: 0
111 [136593811703488] INFO perfrun.perfcollector <> - config1: ldlat: 0
111 [136593811703488] INFO perfrun.perfcollector <> - config1: offcore_rsp: 0
111 [136593811703488] INFO perfrun.perfcollector <> - config: pc: 0
111 [136593811703488] INFO perfrun.perfcollector <> - config: umask: 0
111 [136593811703488] INFO perfrun.perfcollector <> - precise event: extended pebs bit is enabled
111 [136593811703488] INFO perfrun.perfcollector <> - format: cpu/event=0x3c,name='CPU_CLK_UNHALTED.THREAD'/D
111 [136593811703488] INFO perfrun.perfcollector <> - event: 1: CPU_CLK_UNHALTED.REF_TSC
111 [136593811703488] INFO perfrun.perfcollector <> - cccr: addr: ffffffff, value: 0
111 [136593811703488] INFO perfrun.perfcollector <> - data: addr: 30b, value: ffffffffffde6e40
111 [136593811703488] INFO perfrun.perfcollector <> - pebs_enable: 300000003
111 [136593811703488] INFO perfrun.perfcollector <> - pmu config: cpu
111 [136593811703488] INFO perfrun.perfcollector <> - config: any: 0
111 [136593811703488] INFO perfrun.perfcollector <> - config: cmask: 0
111 [136593811703488] INFO perfrun.perfcollector <> - config: edge: 0
111 [136593811703488] INFO perfrun.perfcollector <> - config: event: 0
111 [136593811703488] INFO perfrun.perfcollector <> - config1: frontend: 0
111 [136593811703488] INFO perfrun.perfcollector <> - config: inv: 0
111 [136593811703488] INFO perfrun.perfcollector <> - config1: ldlat: 0
111 [136593811703488] INFO perfrun.perfcollector <> - config1: offcore_rsp: 0
111 [136593811703488] INFO perfrun.perfcollector <> - config: pc: 0
111 [136593811703488] INFO perfrun.perfcollector <> - config: umask: 3
111 [136593811703488] INFO perfrun.perfcollector <> - format: cpu/umask=0x3,name='CPU_CLK_UNHALTED.REF_TSC'/D
111 [136593811703488] INFO perfrun.perfcollector <> - event: 2: INST_RETIRED.ANY
111 [136593811703488] INFO perfrun.perfcollector <> - cccr: addr: ffffffff, value: 0
111 [136593811703488] INFO perfrun.perfcollector <> - data: addr: 309, value: ffffffffffde6e40
111 [136593811703488] INFO perfrun.perfcollector <> - pebs_enable: 300000003
111 [136593811703488] INFO perfrun.perfcollector <> - pmu config: cpu
111 [136593811703488] INFO perfrun.perfcollector <> - config: any: 0
111 [136593811703488] INFO perfrun.perfcollector <> - config: cmask: 0
111 [136593811703488] INFO perfrun.perfcollector <> - config: edge: 0
111 [136593811703488] INFO perfrun.perfcollector <> - config: event: c0
111 [136593811703488] INFO perfrun.perfcollector <> - config1: frontend: 0
111 [136593811703488] INFO perfrun.perfcollector <> - config: inv: 0
111 [136593811703488] INFO perfrun.perfcollector <> - config1: ldlat: 0
111 [136593811703488] INFO perfrun.perfcollector <> - config1: offcore_rsp: 0
111 [136593811703488] INFO perfrun.perfcollector <> - config: pc: 0
111 [136593811703488] INFO perfrun.perfcollector <> - config: umask: 0
111 [136593811703488] INFO perfrun.perfcollector <> - precise event: extended pebs bit is enabled
111 [136593811703488] INFO perfrun.perfcollector <> - format: cpu/event=0xc0,name='INST_RETIRED.ANY'/D
111 [136593811703488] INFO perfrun.perfcollector <> - event: 3: CPU_CLK_UNHALTED.REF_XCLK
111 [136593811703488] INFO perfrun.perfcollector <> - cccr: addr: 186, value: 53013c
111 [136593811703488] INFO perfrun.perfcollector <> - data: addr: c1, value: fffffffffffe795d
111 [136593811703488] INFO perfrun.perfcollector <> - pmu config: cpu
111 [136593811703488] INFO perfrun.perfcollector <> - config: any: 0
111 [136593811703488] INFO perfrun.perfcollector <> - config: cmask: 0
111 [136593811703488] INFO perfrun.perfcollector <> - config: edge: 0
111 [136593811703488] INFO perfrun.perfcollector <> - config: event: 3c
111 [136593811703488] INFO perfrun.perfcollector <> - config1: frontend: 0
111 [136593811703488] INFO perfrun.perfcollector <> - config: inv: 0
111 [136593811703488] INFO perfrun.perfcollector <> - config1: ldlat: 0
111 [136593811703488] INFO perfrun.perfcollector <> - config1: offcore_rsp: 0
111 [136593811703488] INFO perfrun.perfcollector <> - config: pc: 0
111 [136593811703488] INFO perfrun.perfcollector <> - config: umask: 1
111 [136593811703488] INFO perfrun.perfcollector <> - format: cpu/event=0x3c,umask=0x1,name='CPU_CLK_UNHALTED.REF_XCLK'/
111 [136593811703488] INFO perfrun.perfcollector <> - event: 4: CPU_CLK_UNHALTED.ONE_THREAD_ACTIVE
111 [136593811703488] INFO perfrun.perfcollector <> - cccr: addr: 187, value: 53023c
111 [136593811703488] INFO perfrun.perfcollector <> - data: addr: c2, value: fffffffffffe795d
111 [136593811703488] INFO perfrun.perfcollector <> - pmu config: cpu
111 [136593811703488] INFO perfrun.perfcollector <> - config: any: 0
111 [136593811703488] INFO perfrun.perfcollector <> - config: cmask: 0
111 [136593811703488] INFO perfrun.perfcollector <> - config: edge: 0
111 [136593811703488] INFO perfrun.perfcollector <> - config: event: 3c
111 [136593811703488] INFO perfrun.perfcollector <> - config1: frontend: 0
111 [136593811703488] INFO perfrun.perfcollector <> - config: inv: 0
111 [136593811703488] INFO perfrun.perfcollector <> - config1: ldlat: 0
111 [136593811703488] INFO perfrun.perfcollector <> - config1: offcore_rsp: 0
111 [136593811703488] INFO perfrun.perfcollector <> - config: pc: 0
111 [136593811703488] INFO perfrun.perfcollector <> - config: umask: 2
111 [136593811703488] INFO perfrun.perfcollector <> - format: cpu/event=0x3c,umask=0x2,name='CPU_CLK_UNHALTED.ONE_THREAD_ACTIVE'/
111 [136593811703488] INFO perfrun.perfcollector <> - event: 5: UOPS_RETIRED.RETIRE_SLOTS
111 [136593811703488] INFO perfrun.perfcollector <> - cccr: addr: 188, value: 5302c2
111 [136593811703488] INFO perfrun.perfcollector <> - data: addr: c3, value: ffffffffffe17b7d
111 [136593811703488] INFO perfrun.perfcollector <> - pmu config: cpu
111 [136593811703488] INFO perfrun.perfcollector <> - config: any: 0
111 [136593811703488] INFO perfrun.perfcollector <> - config: cmask: 0
111 [136593811703488] INFO perfrun.perfcollector <> - config: edge: 0
111 [136593811703488] INFO perfrun.perfcollector <> - config: event: c2
111 [136593811703488] INFO perfrun.perfcollector <> - config1: frontend: 0
111 [136593811703488] INFO perfrun.perfcollector <> - config: inv: 0
111 [136593811703488] INFO perfrun.perfcollector <> - config1: ldlat: 0
111 [136593811703488] INFO perfrun.perfcollector <> - config1: offcore_rsp: 0
111 [136593811703488] INFO perfrun.perfcollector <> - config: pc: 0
111 [136593811703488] INFO perfrun.perfcollector <> - config: umask: 2
111 [136593811703488] INFO perfrun.perfcollector <> - format: cpu/event=0xc2,umask=0x2,name='UOPS_RETIRED.RETIRE_SLOTS'/
111 [136593811703488] INFO perfrun.perfcollector <> - event: 6: FP_ARITH_INST_RETIRED.SCALAR_SINGLE
111 [136593811703488] INFO perfrun.perfcollector <> - cccr: addr: 189, value: 5302c7
111 [136593811703488] INFO perfrun.perfcollector <> - data: addr: c4, value: ffffffffffe17b7d
111 [136593811703488] INFO perfrun.perfcollector <> - pmu config: cpu
111 [136593811703488] INFO perfrun.perfcollector <> - config: any: 0
111 [136593811703488] INFO perfrun.perfcollector <> - config: cmask: 0
111 [136593811703488] INFO perfrun.perfcollector <> - config: edge: 0
111 [136593811703488] INFO perfrun.perfcollector <> - config: event: c7
111 [136593811703488] INFO perfrun.perfcollector <> - config1: frontend: 0
111 [136593811703488] INFO perfrun.perfcollector <> - config: inv: 0
111 [136593811703488] INFO perfrun.perfcollector <> - config1: ldlat: 0
111 [136593811703488] INFO perfrun.perfcollector <> - config1: offcore_rsp: 0
111 [136593811703488] INFO perfrun.perfcollector <> - config: pc: 0
111 [136593811703488] INFO perfrun.perfcollector <> - config: umask: 2
111 [136593811703488] INFO perfrun.perfcollector <> - format: cpu/event=0xc7,umask=0x2,name='FP_ARITH_INST_RETIRED.SCALAR_SINGLE'/
111 [136593811703488] INFO perfrun.perfcollector <> - event: 7: FP_ARITH_INST_RETIRED.128B_PACKED_SINGLE
111 [136593811703488] INFO perfrun.perfcollector <> - cccr: addr: 186, value: 5308c7
111 [136593811703488] INFO perfrun.perfcollector <> - data: addr: c1, value: ffffffffffe17b7d
111 [136593811703488] INFO perfrun.perfcollector <> - pmu config: cpu
111 [136593811703488] INFO perfrun.perfcollector <> - config: any: 0
111 [136593811703488] INFO perfrun.perfcollector <> - config: cmask: 0
111 [136593811703488] INFO perfrun.perfcollector <> - config: edge: 0
111 [136593811703488] INFO perfrun.perfcollector <> - config: event: c7
111 [136593811703488] INFO perfrun.perfcollector <> - config1: frontend: 0
111 [136593811703488] INFO perfrun.perfcollector <> - config: inv: 0
111 [136593811703488] INFO perfrun.perfcollector <> - config1: ldlat: 0
111 [136593811703488] INFO perfrun.perfcollector <> - config1: offcore_rsp: 0
111 [136593811703488] INFO perfrun.perfcollector <> - config: pc: 0
111 [136593811703488] INFO perfrun.perfcollector <> - config: umask: 8
111 [136593811703488] INFO perfrun.perfcollector <> - format: cpu/event=0xc7,umask=0x8,name='FP_ARITH_INST_RETIRED.128B_PACKED_SINGLE'/
111 [136593811703488] INFO perfrun.perfcollector <> - event: 8: FP_ARITH_INST_RETIRED.256B_PACKED_SINGLE
111 [136593811703488] INFO perfrun.perfcollector <> - cccr: addr: 187, value: 5320c7
111 [136593811703488] INFO perfrun.perfcollector <> - data: addr: c2, value: ffffffffffe17b7d
111 [136593811703488] INFO perfrun.perfcollector <> - pmu config: cpu
111 [136593811703488] INFO perfrun.perfcollector <> - config: any: 0
111 [136593811703488] INFO perfrun.perfcollector <> - config: cmask: 0
111 [136593811703488] INFO perfrun.perfcollector <> - config: edge: 0
111 [136593811703488] INFO perfrun.perfcollector <> - config: event: c7
111 [136593811703488] INFO perfrun.perfcollector <> - config1: frontend: 0
111 [136593811703488] INFO perfrun.perfcollector <> - config: inv: 0
111 [136593811703488] INFO perfrun.perfcollector <> - config1: ldlat: 0
111 [136593811703488] INFO perfrun.perfcollector <> - config1: offcore_rsp: 0
111 [136593811703488] INFO perfrun.perfcollector <> - config: pc: 0
111 [136593811703488] INFO perfrun.perfcollector <> - config: umask: 20
111 [136593811703488] INFO perfrun.perfcollector <> - format: cpu/event=0xc7,umask=0x20,name='FP_ARITH_INST_RETIRED.256B_PACKED_SINGLE'/
111 [136593811703488] INFO perfrun.perfcollector <> - event: 9: FP_ARITH_INST_RETIRED.SCALAR_DOUBLE
111 [136593811703488] INFO perfrun.perfcollector <> - cccr: addr: 188, value: 5301c7
111 [136593811703488] INFO perfrun.perfcollector <> - data: addr: c3, value: ffffffffffe17b7d
111 [136593811703488] INFO perfrun.perfcollector <> - pmu config: cpu
111 [136593811703488] INFO perfrun.perfcollector <> - config: any: 0
111 [136593811703488] INFO perfrun.perfcollector <> - config: cmask: 0
111 [136593811703488] INFO perfrun.perfcollector <> - config: edge: 0
111 [136593811703488] INFO perfrun.perfcollector <> - config: event: c7
111 [136593811703488] INFO perfrun.perfcollector <> - config1: frontend: 0
111 [136593811703488] INFO perfrun.perfcollector <> - config: inv: 0
111 [136593811703488] INFO perfrun.perfcollector <> - config1: ldlat: 0
111 [136593811703488] INFO perfrun.perfcollector <> - config1: offcore_rsp: 0
111 [136593811703488] INFO perfrun.perfcollector <> - config: pc: 0
111 [136593811703488] INFO perfrun.perfcollector <> - config: umask: 1
111 [136593811703488] INFO perfrun.perfcollector <> - format: cpu/event=0xc7,umask=0x1,name='FP_ARITH_INST_RETIRED.SCALAR_DOUBLE'/
111 [136593811703488] INFO perfrun.perfcollector <> - event: 10: FP_ARITH_INST_RETIRED.128B_PACKED_DOUBLE
111 [136593811703488] INFO perfrun.perfcollector <> - cccr: addr: 189, value: 5304c7
111 [136593811703488] INFO perfrun.perfcollector <> - data: addr: c4, value: ffffffffffe17b7d
111 [136593811703488] INFO perfrun.perfcollector <> - pmu config: cpu
111 [136593811703488] INFO perfrun.perfcollector <> - config: any: 0
111 [136593811703488] INFO perfrun.perfcollector <> - config: cmask: 0
111 [136593811703488] INFO perfrun.perfcollector <> - config: edge: 0
111 [136593811703488] INFO perfrun.perfcollector <> - config: event: c7
111 [136593811703488] INFO perfrun.perfcollector <> - config1: frontend: 0
111 [136593811703488] INFO perfrun.perfcollector <> - config: inv: 0
111 [136593811703488] INFO perfrun.perfcollector <> - config1: ldlat: 0
111 [136593811703488] INFO perfrun.perfcollector <> - config1: offcore_rsp: 0
111 [136593811703488] INFO perfrun.perfcollector <> - config: pc: 0
111 [136593811703488] INFO perfrun.perfcollector <> - config: umask: 4
111 [136593811703488] INFO perfrun.perfcollector <> - format: cpu/event=0xc7,umask=0x4,name='FP_ARITH_INST_RETIRED.128B_PACKED_DOUBLE'/
111 [136593811703488] INFO perfrun.perfcollector <> - event: 11: FP_ARITH_INST_RETIRED.256B_PACKED_DOUBLE
111 [136593811703488] INFO perfrun.perfcollector <> - cccr: addr: 186, value: 5310c7
111 [136593811703488] INFO perfrun.perfcollector <> - data: addr: c1, value: ffffffffffe17b7d
111 [136593811703488] INFO perfrun.perfcollector <> - pmu config: cpu
111 [136593811703488] INFO perfrun.perfcollector <> - config: any: 0
111 [136593811703488] INFO perfrun.perfcollector <> - config: cmask: 0
111 [136593811703488] INFO perfrun.perfcollector <> - config: edge: 0
111 [136593811703488] INFO perfrun.perfcollector <> - config: event: c7
111 [136593811703488] INFO perfrun.perfcollector <> - config1: frontend: 0
111 [136593811703488] INFO perfrun.perfcollector <> - config: inv: 0
111 [136593811703488] INFO perfrun.perfcollector <> - config1: ldlat: 0
111 [136593811703488] INFO perfrun.perfcollector <> - config1: offcore_rsp: 0
111 [136593811703488] INFO perfrun.perfcollector <> - config: pc: 0
111 [136593811703488] INFO perfrun.perfcollector <> - config: umask: 10
111 [136593811703488] INFO perfrun.perfcollector <> - format: cpu/event=0xc7,umask=0x10,name='FP_ARITH_INST_RETIRED.256B_PACKED_DOUBLE'/
111 [136593811703488] INFO perfrun.perfcollector <> - event: 12: UOPS_EXECUTED.X87
111 [136593811703488] INFO perfrun.perfcollector <> - cccr: addr: 187, value: 5310b1
111 [136593811703488] INFO perfrun.perfcollector <> - data: addr: c2, value: ffffffffffe17b7d
111 [136593811703488] INFO perfrun.perfcollector <> - pmu config: cpu
111 [136593811703488] INFO perfrun.perfcollector <> - config: any: 0
111 [136593811703488] INFO perfrun.perfcollector <> - config: cmask: 0
111 [136593811703488] INFO perfrun.perfcollector <> - config: edge: 0
111 [136593811703488] INFO perfrun.perfcollector <> - config: event: b1
111 [136593811703488] INFO perfrun.perfcollector <> - config1: frontend: 0
111 [136593811703488] INFO perfrun.perfcollector <> - config: inv: 0
111 [136593811703488] INFO perfrun.perfcollector <> - config1: ldlat: 0
111 [136593811703488] INFO perfrun.perfcollector <> - config1: offcore_rsp: 0
111 [136593811703488] INFO perfrun.perfcollector <> - config: pc: 0
111 [136593811703488] INFO perfrun.perfcollector <> - config: umask: 10
111 [136593811703488] INFO perfrun.perfcollector <> - format: cpu/event=0xb1,umask=0x10,name='UOPS_EXECUTED.X87'/
111 [136593811703488] INFO perfrun.perfcollector <> - event: 13: UOPS_EXECUTED.THREAD
111 [136593811703488] INFO perfrun.perfcollector <> - cccr: addr: 188, value: 5301b1
111 [136593811703488] INFO perfrun.perfcollector <> - data: addr: c3, value: ffffffffffe17b7d
111 [136593811703488] INFO perfrun.perfcollector <> - pmu config: cpu
111 [136593811703488] INFO perfrun.perfcollector <> - config: any: 0
111 [136593811703488] INFO perfrun.perfcollector <> - config: cmask: 0
111 [136593811703488] INFO perfrun.perfcollector <> - config: edge: 0
111 [136593811703488] INFO perfrun.perfcollector <> - config: event: b1
111 [136593811703488] INFO perfrun.perfcollector <> - config1: frontend: 0
111 [136593811703488] INFO perfrun.perfcollector <> - config: inv: 0
111 [136593811703488] INFO perfrun.perfcollector <> - config1: ldlat: 0
111 [136593811703488] INFO perfrun.perfcollector <> - config1: offcore_rsp: 0
111 [136593811703488] INFO perfrun.perfcollector <> - config: pc: 0
111 [136593811703488] INFO perfrun.perfcollector <> - config: umask: 1
111 [136593811703488] INFO perfrun.perfcollector <> - format: cpu/event=0xb1,umask=0x1,name='UOPS_EXECUTED.THREAD'/
111 [136593811703488] INFO perfrun.perfcollector <> - event: 14: FP_ARITH_INST_RETIRED.512B_PACKED_DOUBLE
111 [136593811703488] INFO perfrun.perfcollector <> - cccr: addr: 189, value: 5340c7
111 [136593811703488] INFO perfrun.perfcollector <> - data: addr: c4, value: ffffffffffe17b7d
111 [136593811703488] INFO perfrun.perfcollector <> - pmu config: cpu
111 [136593811703488] INFO perfrun.perfcollector <> - config: any: 0
111 [136593811703488] INFO perfrun.perfcollector <> - config: cmask: 0
111 [136593811703488] INFO perfrun.perfcollector <> - config: edge: 0
111 [136593811703488] INFO perfrun.perfcollector <> - config: event: c7
111 [136593811703488] INFO perfrun.perfcollector <> - config1: frontend: 0
111 [136593811703488] INFO perfrun.perfcollector <> - config: inv: 0
111 [136593811703488] INFO perfrun.perfcollector <> - config1: ldlat: 0
111 [136593811703488] INFO perfrun.perfcollector <> - config1: offcore_rsp: 0
111 [136593811703488] INFO perfrun.perfcollector <> - config: pc: 0
111 [136593811703488] INFO perfrun.perfcollector <> - config: umask: 40
111 [136593811703488] INFO perfrun.perfcollector <> - format: cpu/event=0xc7,umask=0x40,name='FP_ARITH_INST_RETIRED.512B_PACKED_DOUBLE'/
111 [136593811703488] INFO perfrun.perfcollector <> - event: 15: FP_ARITH_INST_RETIRED.512B_PACKED_SINGLE
111 [136593811703488] INFO perfrun.perfcollector <> - cccr: addr: 186, value: 5380c7
111 [136593811703488] INFO perfrun.perfcollector <> - data: addr: c1, value: ffffffffffe17b7d
111 [136593811703488] INFO perfrun.perfcollector <> - pmu config: cpu
111 [136593811703488] INFO perfrun.perfcollector <> - config: any: 0
111 [136593811703488] INFO perfrun.perfcollector <> - config: cmask: 0
111 [136593811703488] INFO perfrun.perfcollector <> - config: edge: 0
111 [136593811703488] INFO perfrun.perfcollector <> - config: event: c7
111 [136593811703488] INFO perfrun.perfcollector <> - config1: frontend: 0
111 [136593811703488] INFO perfrun.perfcollector <> - config: inv: 0
111 [136593811703488] INFO perfrun.perfcollector <> - config1: ldlat: 0
111 [136593811703488] INFO perfrun.perfcollector <> - config1: offcore_rsp: 0
111 [136593811703488] INFO perfrun.perfcollector <> - config: pc: 0
111 [136593811703488] INFO perfrun.perfcollector <> - config: umask: 80
111 [136593811703488] INFO perfrun.perfcollector <> - format: cpu/event=0xc7,umask=0x80,name='FP_ARITH_INST_RETIRED.512B_PACKED_SINGLE'/
111 [136593811703488] INFO perfrun.perfcollector <> - event: 16: CPU_CLK_UNHALTED.THREAD_P
111 [136593811703488] INFO perfrun.perfcollector <> - cccr: addr: 187, value: 53003c
111 [136593811703488] INFO perfrun.perfcollector <> - data: addr: c2, value: ffffffffffe17b7d
111 [136593811703488] INFO perfrun.perfcollector <> - pmu config: cpu
111 [136593811703488] INFO perfrun.perfcollector <> - config: any: 0
111 [136593811703488] INFO perfrun.perfcollector <> - config: cmask: 0
111 [136593811703488] INFO perfrun.perfcollector <> - config: edge: 0
111 [136593811703488] INFO perfrun.perfcollector <> - config: event: 3c
111 [136593811703488] INFO perfrun.perfcollector <> - config1: frontend: 0
111 [136593811703488] INFO perfrun.perfcollector <> - config: inv: 0
111 [136593811703488] INFO perfrun.perfcollector <> - config1: ldlat: 0
111 [136593811703488] INFO perfrun.perfcollector <> - config1: offcore_rsp: 0
111 [136593811703488] INFO perfrun.perfcollector <> - config: pc: 0
111 [136593811703488] INFO perfrun.perfcollector <> - config: umask: 0
111 [136593811703488] INFO perfrun.perfcollector <> - format: cpu/event=0x3c,name='CPU_CLK_UNHALTED.THREAD_P'/
111 [136593811703488] INFO perfrun.perfcollector <> - event: 17: CYCLE_ACTIVITY.STALLS_MEM_ANY
111 [136593811703488] INFO perfrun.perfcollector <> - cccr: addr: 188, value: 145314a3
111 [136593811703488] INFO perfrun.perfcollector <> - data: addr: c3, value: ffffffffffe17b7d
111 [136593811703488] INFO perfrun.perfcollector <> - pmu config: cpu
111 [136593811703488] INFO perfrun.perfcollector <> - config: any: 0
111 [136593811703488] INFO perfrun.perfcollector <> - config: cmask: 14
111 [136593811703488] INFO perfrun.perfcollector <> - config: edge: 0
111 [136593811703488] INFO perfrun.perfcollector <> - config: event: a3
111 [136593811703488] INFO perfrun.perfcollector <> - config1: frontend: 0
111 [136593811703488] INFO perfrun.perfcollector <> - config: inv: 0
111 [136593811703488] INFO perfrun.perfcollector <> - config1: ldlat: 0
111 [136593811703488] INFO perfrun.perfcollector <> - config1: offcore_rsp: 0
111 [136593811703488] INFO perfrun.perfcollector <> - config: pc: 0
111 [136593811703488] INFO perfrun.perfcollector <> - config: umask: 14
111 [136593811703488] INFO perfrun.perfcollector <> - format: cpu/cmask=0x14,event=0xa3,umask=0x14,name='CYCLE_ACTIVITY.STALLS_MEM_ANY'/
111 [136593811703488] INFO perfrun.perfcollector <> - event: 18: CYCLE_ACTIVITY.STALLS_TOTAL
111 [136593811703488] INFO perfrun.perfcollector <> - cccr: addr: 189, value: 45304a3
111 [136593811703488] INFO perfrun.perfcollector <> - data: addr: c4, value: ffffffffffe17b7d
111 [136593811703488] INFO perfrun.perfcollector <> - pmu config: cpu
111 [136593811703488] INFO perfrun.perfcollector <> - config: any: 0
111 [136593811703488] INFO perfrun.perfcollector <> - config: cmask: 4
111 [136593811703488] INFO perfrun.perfcollector <> - config: edge: 0
111 [136593811703488] INFO perfrun.perfcollector <> - config: event: a3
111 [136593811703488] INFO perfrun.perfcollector <> - config1: frontend: 0
111 [136593811703488] INFO perfrun.perfcollector <> - config: inv: 0
111 [136593811703488] INFO perfrun.perfcollector <> - config1: ldlat: 0
111 [136593811703488] INFO perfrun.perfcollector <> - config1: offcore_rsp: 0
111 [136593811703488] INFO perfrun.perfcollector <> - config: pc: 0
111 [136593811703488] INFO perfrun.perfcollector <> - config: umask: 4
111 [136593811703488] INFO perfrun.perfcollector <> - format: cpu/cmask=0x4,event=0xa3,umask=0x4,name='CYCLE_ACTIVITY.STALLS_TOTAL'/
111 [136593811703488] INFO perfrun.perfcollector <> - event: 19: EXE_ACTIVITY.1_PORTS_UTIL
111 [136593811703488] INFO perfrun.perfcollector <> - cccr: addr: 186, value: 5302a6
111 [136593811703488] INFO perfrun.perfcollector <> - data: addr: c1, value: ffffffffffe17b7d
111 [136593811703488] INFO perfrun.perfcollector <> - pebs_enable: 8
111 [136593811703488] INFO perfrun.perfcollector <> - pmu config: cpu
111 [136593811703488] INFO perfrun.perfcollector <> - config: any: 0
111 [136593811703488] INFO perfrun.perfcollector <> - config: cmask: 0
111 [136593811703488] INFO perfrun.perfcollector <> - config: edge: 0
111 [136593811703488] INFO perfrun.perfcollector <> - config: event: a6
111 [136593811703488] INFO perfrun.perfcollector <> - config1: frontend: 0
111 [136593811703488] INFO perfrun.perfcollector <> - config: inv: 0
111 [136593811703488] INFO perfrun.perfcollector <> - config1: ldlat: 0
112 [136593811703488] INFO perfrun.perfcollector <> - config1: offcore_rsp: 0
112 [136593811703488] INFO perfrun.perfcollector <> - config: pc: 0
112 [136593811703488] INFO perfrun.perfcollector <> - config: umask: 2
112 [136593811703488] INFO perfrun.perfcollector <> - format: cpu/event=0xa6,umask=0x2,name='EXE_ACTIVITY.1_PORTS_UTIL'/
112 [136593811703488] INFO perfrun.perfcollector <> - event: 20: EXE_ACTIVITY.2_PORTS_UTIL
112 [136593811703488] INFO perfrun.perfcollector <> - cccr: addr: 187, value: 5304a6
112 [136593811703488] INFO perfrun.perfcollector <> - data: addr: c2, value: ffffffffffe17b7d
112 [136593811703488] INFO perfrun.perfcollector <> - pebs_enable: 8
112 [136593811703488] INFO perfrun.perfcollector <> - pmu config: cpu
112 [136593811703488] INFO perfrun.perfcollector <> - config: any: 0
112 [136593811703488] INFO perfrun.perfcollector <> - config: cmask: 0
112 [136593811703488] INFO perfrun.perfcollector <> - config: edge: 0
112 [136593811703488] INFO perfrun.perfcollector <> - config: event: a6
112 [136593811703488] INFO perfrun.perfcollector <> - config1: frontend: 0
112 [136593811703488] INFO perfrun.perfcollector <> - config: inv: 0
112 [136593811703488] INFO perfrun.perfcollector <> - config1: ldlat: 0
112 [136593811703488] INFO perfrun.perfcollector <> - config1: offcore_rsp: 0
112 [136593811703488] INFO perfrun.perfcollector <> - config: pc: 0
112 [136593811703488] INFO perfrun.perfcollector <> - config: umask: 4
112 [136593811703488] INFO perfrun.perfcollector <> - format: cpu/event=0xa6,umask=0x4,name='EXE_ACTIVITY.2_PORTS_UTIL'/
112 [136593811703488] INFO perfrun.perfcollector <> - event: 21: EXE_ACTIVITY.BOUND_ON_STORES
112 [136593811703488] INFO perfrun.perfcollector <> - cccr: addr: 188, value: 5340a6
112 [136593811703488] INFO perfrun.perfcollector <> - data: addr: c3, value: ffffffffffe17b7d
112 [136593811703488] INFO perfrun.perfcollector <> - pebs_enable: 8
112 [136593811703488] INFO perfrun.perfcollector <> - pmu config: cpu
112 [136593811703488] INFO perfrun.perfcollector <> - config: any: 0
112 [136593811703488] INFO perfrun.perfcollector <> - config: cmask: 0
112 [136593811703488] INFO perfrun.perfcollector <> - config: edge: 0
112 [136593811703488] INFO perfrun.perfcollector <> - config: event: a6
112 [136593811703488] INFO perfrun.perfcollector <> - config1: frontend: 0
112 [136593811703488] INFO perfrun.perfcollector <> - config: inv: 0
112 [136593811703488] INFO perfrun.perfcollector <> - config1: ldlat: 0
112 [136593811703488] INFO perfrun.perfcollector <> - config1: offcore_rsp: 0
112 [136593811703488] INFO perfrun.perfcollector <> - config: pc: 0
112 [136593811703488] INFO perfrun.perfcollector <> - config: umask: 40
112 [136593811703488] INFO perfrun.perfcollector <> - format: cpu/event=0xa6,umask=0x40,name='EXE_ACTIVITY.BOUND_ON_STORES'/
112 [136593811703488] INFO perfrun.perfcollector <> - event: 22: FRONTEND_RETIRED.LATENCY_GE_4_PS
112 [136593811703488] INFO perfrun.perfcollector <> - cccr: addr: 189, value: 4301c6
112 [136593811703488] INFO perfrun.perfcollector <> - data: addr: c4, value: fffffffffffe7959
112 [136593811703488] INFO perfrun.perfcollector <> - frontend: 400406
112 [136593811703488] INFO perfrun.perfcollector <> - pebs_enable: 8
112 [136593811703488] INFO perfrun.perfcollector <> - pmu config: cpu
112 [136593811703488] INFO perfrun.perfcollector <> - config: any: 0
112 [136593811703488] INFO perfrun.perfcollector <> - config: cmask: 0
112 [136593811703488] INFO perfrun.perfcollector <> - config: edge: 0
112 [136593811703488] INFO perfrun.perfcollector <> - config: event: c6
112 [136593811703488] INFO perfrun.perfcollector <> - config1: frontend: 400406
112 [136593811703488] INFO perfrun.perfcollector <> - config: inv: 0
112 [136593811703488] INFO perfrun.perfcollector <> - config1: ldlat: 0
112 [136593811703488] INFO perfrun.perfcollector <> - config1: offcore_rsp: 0
112 [136593811703488] INFO perfrun.perfcollector <> - config: pc: 0
112 [136593811703488] INFO perfrun.perfcollector <> - config: umask: 1
112 [136593811703488] INFO perfrun.perfcollector <> - precise event: event selector has no imprecise bit
112 [136593811703488] INFO perfrun.perfcollector <> - format: cpu/event=0xc6,frontend=0x400406,umask=0x1,name='FRONTEND_RETIRED.LATENCY_GE_4_PS'/
112 [136593811703488] INFO perfrun.perfcollector <> - event: 23: IDQ_UOPS_NOT_DELIVERED.CORE
112 [136593811703488] INFO perfrun.perfcollector <> - cccr: addr: 186, value: 53019c
112 [136593811703488] INFO perfrun.perfcollector <> - data: addr: c1, value: ffffffffffe17b7d
112 [136593811703488] INFO perfrun.perfcollector <> - pmu config: cpu
112 [136593811703488] INFO perfrun.perfcollector <> - config: any: 0
112 [136593811703488] INFO perfrun.perfcollector <> - config: cmask: 0
112 [136593811703488] INFO perfrun.perfcollector <> - config: edge: 0
112 [136593811703488] INFO perfrun.perfcollector <> - config: event: 9c
112 [136593811703488] INFO perfrun.perfcollector <> - config1: frontend: 0
112 [136593811703488] INFO perfrun.perfcollector <> - config: inv: 0
112 [136593811703488] INFO perfrun.perfcollector <> - config1: ldlat: 0
112 [136593811703488] INFO perfrun.perfcollector <> - config1: offcore_rsp: 0
112 [136593811703488] INFO perfrun.perfcollector <> - config: pc: 0
112 [136593811703488] INFO perfrun.perfcollector <> - config: umask: 1
112 [136593811703488] INFO perfrun.perfcollector <> - format: cpu/event=0x9c,umask=0x1,name='IDQ_UOPS_NOT_DELIVERED.CORE'/
112 [136593811703488] INFO perfrun.perfcollector <> - event: 24: INT_MISC.RECOVERY_CYCLES
112 [136593811703488] INFO perfrun.perfcollector <> - cccr: addr: 187, value: 53010d
112 [136593811703488] INFO perfrun.perfcollector <> - data: addr: c2, value: ffffffffffe17b7d
112 [136593811703488] INFO perfrun.perfcollector <> - pmu config: cpu
112 [136593811703488] INFO perfrun.perfcollector <> - config: any: 0
112 [136593811703488] INFO perfrun.perfcollector <> - config: cmask: 0
112 [136593811703488] INFO perfrun.perfcollector <> - config: edge: 0
112 [136593811703488] INFO perfrun.perfcollector <> - config: event: d
112 [136593811703488] INFO perfrun.perfcollector <> - config1: frontend: 0
112 [136593811703488] INFO perfrun.perfcollector <> - config: inv: 0
112 [136593811703488] INFO perfrun.perfcollector <> - config1: ldlat: 0
112 [136593811703488] INFO perfrun.perfcollector <> - config1: offcore_rsp: 0
112 [136593811703488] INFO perfrun.perfcollector <> - config: pc: 0
112 [136593811703488] INFO perfrun.perfcollector <> - config: umask: 1
112 [136593811703488] INFO perfrun.perfcollector <> - format: cpu/event=0xd,umask=0x1,name='INT_MISC.RECOVERY_CYCLES'/
112 [136593811703488] INFO perfrun.perfcollector <> - event: 25: UOPS_ISSUED.ANY
112 [136593811703488] INFO perfrun.perfcollector <> - cccr: addr: 188, value: 53010e
112 [136593811703488] INFO perfrun.perfcollector <> - data: addr: c3, value: ffffffffffe17b7d
112 [136593811703488] INFO perfrun.perfcollector <> - pmu config: cpu
112 [136593811703488] INFO perfrun.perfcollector <> - config: any: 0
112 [136593811703488] INFO perfrun.perfcollector <> - config: cmask: 0
112 [136593811703488] INFO perfrun.perfcollector <> - config: edge: 0
112 [136593811703488] INFO perfrun.perfcollector <> - config: event: e
112 [136593811703488] INFO perfrun.perfcollector <> - config1: frontend: 0
112 [136593811703488] INFO perfrun.perfcollector <> - config: inv: 0
112 [136593811703488] INFO perfrun.perfcollector <> - config1: ldlat: 0
112 [136593811703488] INFO perfrun.perfcollector <> - config1: offcore_rsp: 0
112 [136593811703488] INFO perfrun.perfcollector <> - config: pc: 0
112 [136593811703488] INFO perfrun.perfcollector <> - config: umask: 1
112 [136593811703488] INFO perfrun.perfcollector <> - format: cpu/event=0xe,umask=0x1,name='UOPS_ISSUED.ANY'/
112 [136593811703488] INFO perfrun.perfcollector <> - event: 26: CYCLE_ACTIVITY.STALLS_L1D_MISS
112 [136593811703488] INFO perfrun.perfcollector <> - cccr: addr: 189, value: c530ca3
112 [136593811703488] INFO perfrun.perfcollector <> - data: addr: c4, value: ffffffffffe17b7d
112 [136593811703488] INFO perfrun.perfcollector <> - pmu config: cpu
112 [136593811703488] INFO perfrun.perfcollector <> - config: any: 0
112 [136593811703488] INFO perfrun.perfcollector <> - config: cmask: c
112 [136593811703488] INFO perfrun.perfcollector <> - config: edge: 0
112 [136593811703488] INFO perfrun.perfcollector <> - config: event: a3
112 [136593811703488] INFO perfrun.perfcollector <> - config1: frontend: 0
112 [136593811703488] INFO perfrun.perfcollector <> - config: inv: 0
112 [136593811703488] INFO perfrun.perfcollector <> - config1: ldlat: 0
112 [136593811703488] INFO perfrun.perfcollector <> - config1: offcore_rsp: 0
112 [136593811703488] INFO perfrun.perfcollector <> - config: pc: 0
112 [136593811703488] INFO perfrun.perfcollector <> - config: umask: c
112 [136593811703488] INFO perfrun.perfcollector <> - format: cpu/cmask=0xc,event=0xa3,umask=0xc,name='CYCLE_ACTIVITY.STALLS_L1D_MISS'/
112 [136593811703488] INFO perfrun.perfcollector <> - event: 27: CYCLE_ACTIVITY.STALLS_L2_MISS
112 [136593811703488] INFO perfrun.perfcollector <> - cccr: addr: 186, value: 55305a3
112 [136593811703488] INFO perfrun.perfcollector <> - data: addr: c1, value: ffffffffffe17b7d
112 [136593811703488] INFO perfrun.perfcollector <> - pebs_enable: 800000008
112 [136593811703488] INFO perfrun.perfcollector <> - pmu config: cpu
112 [136593811703488] INFO perfrun.perfcollector <> - config: any: 0
112 [136593811703488] INFO perfrun.perfcollector <> - config: cmask: 5
112 [136593811703488] INFO perfrun.perfcollector <> - config: edge: 0
112 [136593811703488] INFO perfrun.perfcollector <> - config: event: a3
112 [136593811703488] INFO perfrun.perfcollector <> - config1: frontend: 0
112 [136593811703488] INFO perfrun.perfcollector <> - config: inv: 0
112 [136593811703488] INFO perfrun.perfcollector <> - config1: ldlat: 0
112 [136593811703488] INFO perfrun.perfcollector <> - config1: offcore_rsp: 0
112 [136593811703488] INFO perfrun.perfcollector <> - config: pc: 0
112 [136593811703488] INFO perfrun.perfcollector <> - config: umask: 5
112 [136593811703488] INFO perfrun.perfcollector <> - format: cpu/cmask=0x5,event=0xa3,umask=0x5,name='CYCLE_ACTIVITY.STALLS_L2_MISS'/
112 [136593811703488] INFO perfrun.perfcollector <> - event: 28: CYCLE_ACTIVITY.STALLS_L3_MISS
112 [136593811703488] INFO perfrun.perfcollector <> - cccr: addr: 187, value: 65306a3
112 [136593811703488] INFO perfrun.perfcollector <> - data: addr: c2, value: ffffffffffe17b7d
112 [136593811703488] INFO perfrun.perfcollector <> - pebs_enable: 800000008
112 [136593811703488] INFO perfrun.perfcollector <> - pmu config: cpu
112 [136593811703488] INFO perfrun.perfcollector <> - config: any: 0
112 [136593811703488] INFO perfrun.perfcollector <> - config: cmask: 6
112 [136593811703488] INFO perfrun.perfcollector <> - config: edge: 0
112 [136593811703488] INFO perfrun.perfcollector <> - config: event: a3
112 [136593811703488] INFO perfrun.perfcollector <> - config1: frontend: 0
112 [136593811703488] INFO perfrun.perfcollector <> - config: inv: 0
112 [136593811703488] INFO perfrun.perfcollector <> - config1: ldlat: 0
112 [136593811703488] INFO perfrun.perfcollector <> - config1: offcore_rsp: 0
112 [136593811703488] INFO perfrun.perfcollector <> - config: pc: 0
112 [136593811703488] INFO perfrun.perfcollector <> - config: umask: 6
112 [136593811703488] INFO perfrun.perfcollector <> - format: cpu/cmask=0x6,event=0xa3,umask=0x6,name='CYCLE_ACTIVITY.STALLS_L3_MISS'/
112 [136593811703488] INFO perfrun.perfcollector <> - event: 29: EXE_ACTIVITY.EXE_BOUND_0_PORTS
112 [136593811703488] INFO perfrun.perfcollector <> - cccr: addr: 188, value: 5301a6
112 [136593811703488] INFO perfrun.perfcollector <> - data: addr: c3, value: ffffffffffe17b7d
112 [136593811703488] INFO perfrun.perfcollector <> - pebs_enable: 800000008
112 [136593811703488] INFO perfrun.perfcollector <> - pmu config: cpu
112 [136593811703488] INFO perfrun.perfcollector <> - config: any: 0
112 [136593811703488] INFO perfrun.perfcollector <> - config: cmask: 0
112 [136593811703488] INFO perfrun.perfcollector <> - config: edge: 0
112 [136593811703488] INFO perfrun.perfcollector <> - config: event: a6
112 [136593811703488] INFO perfrun.perfcollector <> - config1: frontend: 0
112 [136593811703488] INFO perfrun.perfcollector <> - config: inv: 0
112 [136593811703488] INFO perfrun.perfcollector <> - config1: ldlat: 0
112 [136593811703488] INFO perfrun.perfcollector <> - config1: offcore_rsp: 0
112 [136593811703488] INFO perfrun.perfcollector <> - config: pc: 0
112 [136593811703488] INFO perfrun.perfcollector <> - config: umask: 1
112 [136593811703488] INFO perfrun.perfcollector <> - format: cpu/event=0xa6,umask=0x1,name='EXE_ACTIVITY.EXE_BOUND_0_PORTS'/
112 [136593811703488] INFO perfrun.perfcollector <> - event: 30: MEM_LOAD_RETIRED.L3_MISS_PS
112 [136593811703488] INFO perfrun.perfcollector <> - cccr: addr: 189, value: 4320d1
112 [136593811703488] INFO perfrun.perfcollector <> - data: addr: c4, value: ffffffffffff3cad
112 [136593811703488] INFO perfrun.perfcollector <> - pebs_enable: 800000008
112 [136593811703488] INFO perfrun.perfcollector <> - pmu config: cpu
112 [136593811703488] INFO perfrun.perfcollector <> - config: any: 0
112 [136593811703488] INFO perfrun.perfcollector <> - config: cmask: 0
112 [136593811703488] INFO perfrun.perfcollector <> - config: edge: 0
112 [136593811703488] INFO perfrun.perfcollector <> - config: event: d1
112 [136593811703488] INFO perfrun.perfcollector <> - config1: frontend: 0
112 [136593811703488] INFO perfrun.perfcollector <> - config: inv: 0
112 [136593811703488] INFO perfrun.perfcollector <> - config1: ldlat: 0
112 [136593811703488] INFO perfrun.perfcollector <> - config1: offcore_rsp: 0
112 [136593811703488] INFO perfrun.perfcollector <> - config: pc: 0
112 [136593811703488] INFO perfrun.perfcollector <> - config: umask: 20
112 [136593811703488] INFO perfrun.perfcollector <> - precise event: event selector has no imprecise bit
112 [136593811703488] INFO perfrun.perfcollector <> - format: cpu/event=0xd1,umask=0x20,name='MEM_LOAD_RETIRED.L3_MISS_PS'/
112 [136593811703488] INFO perfrun.perfcollector <> - event: 31: L1D_PEND_MISS.FB_FULL:cmask=1
112 [136593811703488] INFO perfrun.perfcollector <> - cccr: addr: 186, value: 1530248
112 [136593811703488] INFO perfrun.perfcollector <> - data: addr: c1, value: ffffffffffe17b7d
112 [136593811703488] INFO perfrun.perfcollector <> - pebs_enable: c0000000c
112 [136593811703488] INFO perfrun.perfcollector <> - pmu config: cpu
112 [136593811703488] INFO perfrun.perfcollector <> - config: any: 0
112 [136593811703488] INFO perfrun.perfcollector <> - config: cmask: 1
112 [136593811703488] INFO perfrun.perfcollector <> - config: edge: 0
112 [136593811703488] INFO perfrun.perfcollector <> - config: event: 48
112 [136593811703488] INFO perfrun.perfcollector <> - config1: frontend: 0
112 [136593811703488] INFO perfrun.perfcollector <> - config: inv: 0
112 [136593811703488] INFO perfrun.perfcollector <> - config1: ldlat: 0
112 [136593811703488] INFO perfrun.perfcollector <> - config1: offcore_rsp: 0
112 [136593811703488] INFO perfrun.perfcollector <> - config: pc: 0
112 [136593811703488] INFO perfrun.perfcollector <> - config: umask: 2
112 [136593811703488] INFO perfrun.perfcollector <> - format: cpu/cmask=0x1,event=0x48,umask=0x2,name='L1D_PEND_MISS.FB_FULL:cmask=1'/
112 [136593811703488] INFO perfrun.perfcollector <> - event: 32: L1D_PEND_MISS.PENDING
112 [136593811703488] INFO perfrun.perfcollector <> - cccr: addr: 187, value: 530148
112 [136593811703488] INFO perfrun.perfcollector <> - data: addr: c2, value: ffffffffffe17b7d
112 [136593811703488] INFO perfrun.perfcollector <> - pebs_enable: c0000000c
112 [136593811703488] INFO perfrun.perfcollector <> - pmu config: cpu
112 [136593811703488] INFO perfrun.perfcollector <> - config: any: 0
112 [136593811703488] INFO perfrun.perfcollector <> - config: cmask: 0
112 [136593811703488] INFO perfrun.perfcollector <> - config: edge: 0
112 [136593811703488] INFO perfrun.perfcollector <> - config: event: 48
112 [136593811703488] INFO perfrun.perfcollector <> - config1: frontend: 0
112 [136593811703488] INFO perfrun.perfcollector <> - config: inv: 0
112 [136593811703488] INFO perfrun.perfcollector <> - config1: ldlat: 0
112 [136593811703488] INFO perfrun.perfcollector <> - config1: offcore_rsp: 0
112 [136593811703488] INFO perfrun.perfcollector <> - config: pc: 0
112 [136593811703488] INFO perfrun.perfcollector <> - config: umask: 1
112 [136593811703488] INFO perfrun.perfcollector <> - format: cpu/event=0x48,umask=0x1,name='L1D_PEND_MISS.PENDING'/
112 [136593811703488] INFO perfrun.perfcollector <> - event: 33: MEM_LOAD_L3_HIT_RETIRED.XSNP_HITM_PS
112 [136593811703488] INFO perfrun.perfcollector <> - cccr: addr: 188, value: 4304d2
112 [136593811703488] INFO perfrun.perfcollector <> - data: addr: c3, value: fffffffffffe795d
112 [136593811703488] INFO perfrun.perfcollector <> - pebs_enable: c0000000c
112 [136593811703488] INFO perfrun.perfcollector <> - pmu config: cpu
112 [136593811703488] INFO perfrun.perfcollector <> - config: any: 0
112 [136593811703488] INFO perfrun.perfcollector <> - config: cmask: 0
112 [136593811703488] INFO perfrun.perfcollector <> - config: edge: 0
112 [136593811703488] INFO perfrun.perfcollector <> - config: event: d2
112 [136593811703488] INFO perfrun.perfcollector <> - config1: frontend: 0
112 [136593811703488] INFO perfrun.perfcollector <> - config: inv: 0
112 [136593811703488] INFO perfrun.perfcollector <> - config1: ldlat: 0
112 [136593811703488] INFO perfrun.perfcollector <> - config1: offcore_rsp: 0
112 [136593811703488] INFO perfrun.perfcollector <> - config: pc: 0
112 [136593811703488] INFO perfrun.perfcollector <> - config: umask: 4
112 [136593811703488] INFO perfrun.perfcollector <> - precise event: event selector has no imprecise bit
112 [136593811703488] INFO perfrun.perfcollector <> - format: cpu/event=0xd2,umask=0x4,name='MEM_LOAD_L3_HIT_RETIRED.XSNP_HITM_PS'/
112 [136593811703488] INFO perfrun.perfcollector <> - event: 34: MEM_LOAD_L3_HIT_RETIRED.XSNP_HIT_PS
112 [136593811703488] INFO perfrun.perfcollector <> - cccr: addr: 189, value: 4302d2
112 [136593811703488] INFO perfrun.perfcollector <> - data: addr: c4, value: fffffffffffe795d
112 [136593811703488] INFO perfrun.perfcollector <> - pebs_enable: c0000000c
112 [136593811703488] INFO perfrun.perfcollector <> - pmu config: cpu
112 [136593811703488] INFO perfrun.perfcollector <> - config: any: 0
112 [136593811703488] INFO perfrun.perfcollector <> - config: cmask: 0
112 [136593811703488] INFO perfrun.perfcollector <> - config: edge: 0
112 [136593811703488] INFO perfrun.perfcollector <> - config: event: d2
112 [136593811703488] INFO perfrun.perfcollector <> - config1: frontend: 0
112 [136593811703488] INFO perfrun.perfcollector <> - config: inv: 0
112 [136593811703488] INFO perfrun.perfcollector <> - config1: ldlat: 0
112 [136593811703488] INFO perfrun.perfcollector <> - config1: offcore_rsp: 0
112 [136593811703488] INFO perfrun.perfcollector <> - config: pc: 0
112 [136593811703488] INFO perfrun.perfcollector <> - config: umask: 2
112 [136593811703488] INFO perfrun.perfcollector <> - precise event: event selector has no imprecise bit
112 [136593811703488] INFO perfrun.perfcollector <> - format: cpu/event=0xd2,umask=0x2,name='MEM_LOAD_L3_HIT_RETIRED.XSNP_HIT_PS'/
112 [136593811703488] INFO perfrun.perfcollector <> - event: 35: MEM_LOAD_L3_HIT_RETIRED.XSNP_MISS_PS
112 [136593811703488] INFO perfrun.perfcollector <> - cccr: addr: 186, value: 4301d2
112 [136593811703488] INFO perfrun.perfcollector <> - data: addr: c1, value: fffffffffffe795d
112 [136593811703488] INFO perfrun.perfcollector <> - pebs_enable: f0000000f
112 [136593811703488] INFO perfrun.perfcollector <> - pmu config: cpu
112 [136593811703488] INFO perfrun.perfcollector <> - config: any: 0
112 [136593811703488] INFO perfrun.perfcollector <> - config: cmask: 0
112 [136593811703488] INFO perfrun.perfcollector <> - config: edge: 0
112 [136593811703488] INFO perfrun.perfcollector <> - config: event: d2
112 [136593811703488] INFO perfrun.perfcollector <> - config1: frontend: 0
112 [136593811703488] INFO perfrun.perfcollector <> - config: inv: 0
112 [136593811703488] INFO perfrun.perfcollector <> - config1: ldlat: 0
112 [136593811703488] INFO perfrun.perfcollector <> - config1: offcore_rsp: 0
112 [136593811703488] INFO perfrun.perfcollector <> - config: pc: 0
112 [136593811703488] INFO perfrun.perfcollector <> - config: umask: 1
112 [136593811703488] INFO perfrun.perfcollector <> - precise event: event selector has no imprecise bit
112 [136593811703488] INFO perfrun.perfcollector <> - format: cpu/event=0xd2,umask=0x1,name='MEM_LOAD_L3_HIT_RETIRED.XSNP_MISS_PS'/
112 [136593811703488] INFO perfrun.perfcollector <> - event: 36: MEM_LOAD_RETIRED.FB_HIT_PS
112 [136593811703488] INFO perfrun.perfcollector <> - cccr: addr: 187, value: 4340d1
112 [136593811703488] INFO perfrun.perfcollector <> - data: addr: c2, value: ffffffffffe17b7d
112 [136593811703488] INFO perfrun.perfcollector <> - pebs_enable: f0000000f
112 [136593811703488] INFO perfrun.perfcollector <> - pmu config: cpu
112 [136593811703488] INFO perfrun.perfcollector <> - config: any: 0
112 [136593811703488] INFO perfrun.perfcollector <> - config: cmask: 0
112 [136593811703488] INFO perfrun.perfcollector <> - config: edge: 0
112 [136593811703488] INFO perfrun.perfcollector <> - config: event: d1
112 [136593811703488] INFO perfrun.perfcollector <> - config1: frontend: 0
112 [136593811703488] INFO perfrun.perfcollector <> - config: inv: 0
112 [136593811703488] INFO perfrun.perfcollector <> - config1: ldlat: 0
112 [136593811703488] INFO perfrun.perfcollector <> - config1: offcore_rsp: 0
112 [136593811703488] INFO perfrun.perfcollector <> - config: pc: 0
112 [136593811703488] INFO perfrun.perfcollector <> - config: umask: 40
112 [136593811703488] INFO perfrun.perfcollector <> - precise event: event selector has no imprecise bit
112 [136593811703488] INFO perfrun.perfcollector <> - format: cpu/event=0xd1,umask=0x40,name='MEM_LOAD_RETIRED.FB_HIT_PS'/
112 [136593811703488] INFO perfrun.perfcollector <> - event: 37: MEM_LOAD_RETIRED.L1_MISS_PS
112 [136593811703488] INFO perfrun.perfcollector <> - cccr: addr: 188, value: 4308d1
112 [136593811703488] INFO perfrun.perfcollector <> - data: addr: c3, value: ffffffffffe17b7d
112 [136593811703488] INFO perfrun.perfcollector <> - pebs_enable: f0000000f
112 [136593811703488] INFO perfrun.perfcollector <> - pmu config: cpu
112 [136593811703488] INFO perfrun.perfcollector <> - config: any: 0
112 [136593811703488] INFO perfrun.perfcollector <> - config: cmask: 0
112 [136593811703488] INFO perfrun.perfcollector <> - config: edge: 0
112 [136593811703488] INFO perfrun.perfcollector <> - config: event: d1
112 [136593811703488] INFO perfrun.perfcollector <> - config1: frontend: 0
112 [136593811703488] INFO perfrun.perfcollector <> - config: inv: 0
112 [136593811703488] INFO perfrun.perfcollector <> - config1: ldlat: 0
112 [136593811703488] INFO perfrun.perfcollector <> - config1: offcore_rsp: 0
112 [136593811703488] INFO perfrun.perfcollector <> - config: pc: 0
112 [136593811703488] INFO perfrun.perfcollector <> - config: umask: 8
112 [136593811703488] INFO perfrun.perfcollector <> - precise event: event selector has no imprecise bit
112 [136593811703488] INFO perfrun.perfcollector <> - format: cpu/event=0xd1,umask=0x8,name='MEM_LOAD_RETIRED.L1_MISS_PS'/
112 [136593811703488] INFO perfrun.perfcollector <> - event: 38: MEM_LOAD_RETIRED.L2_HIT_PS
112 [136593811703488] INFO perfrun.perfcollector <> - cccr: addr: 189, value: 4302d1
112 [136593811703488] INFO perfrun.perfcollector <> - data: addr: c4, value: ffffffffffe17b7d
112 [136593811703488] INFO perfrun.perfcollector <> - pebs_enable: f0000000f
112 [136593811703488] INFO perfrun.perfcollector <> - pmu config: cpu
112 [136593811703488] INFO perfrun.perfcollector <> - config: any: 0
112 [136593811703488] INFO perfrun.perfcollector <> - config: cmask: 0
112 [136593811703488] INFO perfrun.perfcollector <> - config: edge: 0
112 [136593811703488] INFO perfrun.perfcollector <> - config: event: d1
112 [136593811703488] INFO perfrun.perfcollector <> - config1: frontend: 0
112 [136593811703488] INFO perfrun.perfcollector <> - config: inv: 0
112 [136593811703488] INFO perfrun.perfcollector <> - config1: ldlat: 0
112 [136593811703488] INFO perfrun.perfcollector <> - config1: offcore_rsp: 0
112 [136593811703488] INFO perfrun.perfcollector <> - config: pc: 0
112 [136593811703488] INFO perfrun.perfcollector <> - config: umask: 2
112 [136593811703488] INFO perfrun.perfcollector <> - precise event: event selector has no imprecise bit
112 [136593811703488] INFO perfrun.perfcollector <> - format: cpu/event=0xd1,umask=0x2,name='MEM_LOAD_RETIRED.L2_HIT_PS'/
112 [136593811703488] INFO perfrun.perfcollector <> - event: 39: MEM_LOAD_RETIRED.L3_HIT_PS
112 [136593811703488] INFO perfrun.perfcollector <> - cccr: addr: 186, value: 4304d1
112 [136593811703488] INFO perfrun.perfcollector <> - data: addr: c1, value: fffffffffffcf2bd
112 [136593811703488] INFO perfrun.perfcollector <> - pebs_enable: 900000009
112 [136593811703488] INFO perfrun.perfcollector <> - pmu config: cpu
112 [136593811703488] INFO perfrun.perfcollector <> - config: any: 0
112 [136593811703488] INFO perfrun.perfcollector <> - config: cmask: 0
112 [136593811703488] INFO perfrun.perfcollector <> - config: edge: 0
112 [136593811703488] INFO perfrun.perfcollector <> - config: event: d1
112 [136593811703488] INFO perfrun.perfcollector <> - config1: frontend: 0
112 [136593811703488] INFO perfrun.perfcollector <> - config: inv: 0
112 [136593811703488] INFO perfrun.perfcollector <> - config1: ldlat: 0
112 [136593811703488] INFO perfrun.perfcollector <> - config1: offcore_rsp: 0
112 [136593811703488] INFO perfrun.perfcollector <> - config: pc: 0
112 [136593811703488] INFO perfrun.perfcollector <> - config: umask: 4
112 [136593811703488] INFO perfrun.perfcollector <> - precise event: event selector has no imprecise bit
112 [136593811703488] INFO perfrun.perfcollector <> - format: cpu/event=0xd1,umask=0x4,name='MEM_LOAD_RETIRED.L3_HIT_PS'/
112 [136593811703488] INFO perfrun.perfcollector <> - event: 40: OFFCORE_REQUESTS_OUTSTANDING.ALL_DATA_RD:cmask=4
112 [136593811703488] INFO perfrun.perfcollector <> - cccr: addr: 187, value: 4530860
112 [136593811703488] INFO perfrun.perfcollector <> - data: addr: c2, value: ffffffffffe17b7d
112 [136593811703488] INFO perfrun.perfcollector <> - pebs_enable: 900000009
112 [136593811703488] INFO perfrun.perfcollector <> - pmu config: cpu
112 [136593811703488] INFO perfrun.perfcollector <> - config: any: 0
112 [136593811703488] INFO perfrun.perfcollector <> - config: cmask: 4
112 [136593811703488] INFO perfrun.perfcollector <> - config: edge: 0
112 [136593811703488] INFO perfrun.perfcollector <> - config: event: 60
112 [136593811703488] INFO perfrun.perfcollector <> - config1: frontend: 0
112 [136593811703488] INFO perfrun.perfcollector <> - config: inv: 0
112 [136593811703488] INFO perfrun.perfcollector <> - config1: ldlat: 0
112 [136593811703488] INFO perfrun.perfcollector <> - config1: offcore_rsp: 0
112 [136593811703488] INFO perfrun.perfcollector <> - config: pc: 0
112 [136593811703488] INFO perfrun.perfcollector <> - config: umask: 8
112 [136593811703488] INFO perfrun.perfcollector <> - format: cpu/cmask=0x4,event=0x60,umask=0x8,name='OFFCORE_REQUESTS_OUTSTANDING.ALL_DATA_RD:cmask=4'/
112 [136593811703488] INFO perfrun.perfcollector <> - event: 41: OFFCORE_REQUESTS_OUTSTANDING.CYCLES_WITH_DATA_RD
112 [136593811703488] INFO perfrun.perfcollector <> - cccr: addr: 188, value: 1530860
112 [136593811703488] INFO perfrun.perfcollector <> - data: addr: c3, value: ffffffffffe17b7d
112 [136593811703488] INFO perfrun.perfcollector <> - pebs_enable: 900000009
112 [136593811703488] INFO perfrun.perfcollector <> - pmu config: cpu
112 [136593811703488] INFO perfrun.perfcollector <> - config: any: 0
112 [136593811703488] INFO perfrun.perfcollector <> - config: cmask: 1
112 [136593811703488] INFO perfrun.perfcollector <> - config: edge: 0
112 [136593811703488] INFO perfrun.perfcollector <> - config: event: 60
112 [136593811703488] INFO perfrun.perfcollector <> - config1: frontend: 0
112 [136593811703488] INFO perfrun.perfcollector <> - config: inv: 0
112 [136593811703488] INFO perfrun.perfcollector <> - config1: ldlat: 0
112 [136593811703488] INFO perfrun.perfcollector <> - config1: offcore_rsp: 0
112 [136593811703488] INFO perfrun.perfcollector <> - config: pc: 0
112 [136593811703488] INFO perfrun.perfcollector <> - config: umask: 8
112 [136593811703488] INFO perfrun.perfcollector <> - format: cpu/cmask=0x1,event=0x60,umask=0x8,name='OFFCORE_REQUESTS_OUTSTANDING.CYCLES_WITH_DATA_RD'/
112 [136593811703488] INFO perfrun.perfcollector <> - event: 42: MEM_INST_RETIRED.ALL_LOADS_PS
112 [136593811703488] INFO perfrun.perfcollector <> - cccr: addr: 189, value: 4381d0
112 [136593811703488] INFO perfrun.perfcollector <> - data: addr: c4, value: fffffffffffe795d
112 [136593811703488] INFO perfrun.perfcollector <> - pebs_enable: 900000009
112 [136593811703488] INFO perfrun.perfcollector <> - pmu config: cpu
112 [136593811703488] INFO perfrun.perfcollector <> - config: any: 0
112 [136593811703488] INFO perfrun.perfcollector <> - config: cmask: 0
112 [136593811703488] INFO perfrun.perfcollector <> - config: edge: 0
112 [136593811703488] INFO perfrun.perfcollector <> - config: event: d0
112 [136593811703488] INFO perfrun.perfcollector <> - config1: frontend: 0
112 [136593811703488] INFO perfrun.perfcollector <> - config: inv: 0
112 [136593811703488] INFO perfrun.perfcollector <> - config1: ldlat: 0
112 [136593811703488] INFO perfrun.perfcollector <> - config1: offcore_rsp: 0
112 [136593811703488] INFO perfrun.perfcollector <> - config: pc: 0
112 [136593811703488] INFO perfrun.perfcollector <> - config: umask: 81
112 [136593811703488] INFO perfrun.perfcollector <> - precise event: event selector has no imprecise bit
112 [136593811703488] INFO perfrun.perfcollector <> - format: cpu/event=0xd0,umask=0x81,name='MEM_INST_RETIRED.ALL_LOADS_PS'/
112 [136593811703488] INFO perfrun.perfcollector <> - event: 43: MEM_INST_RETIRED.ALL_STORES_PS
112 [136593811703488] INFO perfrun.perfcollector <> - cccr: addr: 186, value: 4382d0
112 [136593811703488] INFO perfrun.perfcollector <> - data: addr: c1, value: fffffffffffe795d
112 [136593811703488] INFO perfrun.perfcollector <> - pebs_enable: f0000000f
112 [136593811703488] INFO perfrun.perfcollector <> - pmu config: cpu
112 [136593811703488] INFO perfrun.perfcollector <> - config: any: 0
112 [136593811703488] INFO perfrun.perfcollector <> - config: cmask: 0
112 [136593811703488] INFO perfrun.perfcollector <> - config: edge: 0
112 [136593811703488] INFO perfrun.perfcollector <> - config: event: d0
112 [136593811703488] INFO perfrun.perfcollector <> - config1: frontend: 0
112 [136593811703488] INFO perfrun.perfcollector <> - config: inv: 0
112 [136593811703488] INFO perfrun.perfcollector <> - config1: ldlat: 0
112 [136593811703488] INFO perfrun.perfcollector <> - config1: offcore_rsp: 0
112 [136593811703488] INFO perfrun.perfcollector <> - config: pc: 0
112 [136593811703488] INFO perfrun.perfcollector <> - config: umask: 82
112 [136593811703488] INFO perfrun.perfcollector <> - precise event: event selector has no imprecise bit
112 [136593811703488] INFO perfrun.perfcollector <> - format: cpu/event=0xd0,umask=0x82,name='MEM_INST_RETIRED.ALL_STORES_PS'/
112 [136593811703488] INFO perfrun.perfcollector <> - event: 44: MEM_LOAD_L3_MISS_RETIRED.LOCAL_DRAM_PS
112 [136593811703488] INFO perfrun.perfcollector <> - cccr: addr: 187, value: 4301d3
112 [136593811703488] INFO perfrun.perfcollector <> - data: addr: c2, value: fffffffffffe795d
112 [136593811703488] INFO perfrun.perfcollector <> - pebs_enable: f0000000f
112 [136593811703488] INFO perfrun.perfcollector <> - pmu config: cpu
112 [136593811703488] INFO perfrun.perfcollector <> - config: any: 0
112 [136593811703488] INFO perfrun.perfcollector <> - config: cmask: 0
112 [136593811703488] INFO perfrun.perfcollector <> - config: edge: 0
112 [136593811703488] INFO perfrun.perfcollector <> - config: event: d3
112 [136593811703488] INFO perfrun.perfcollector <> - config1: frontend: 0
112 [136593811703488] INFO perfrun.perfcollector <> - config: inv: 0
112 [136593811703488] INFO perfrun.perfcollector <> - config1: ldlat: 0
112 [136593811703488] INFO perfrun.perfcollector <> - config1: offcore_rsp: 0
112 [136593811703488] INFO perfrun.perfcollector <> - config: pc: 0
112 [136593811703488] INFO perfrun.perfcollector <> - config: umask: 1
112 [136593811703488] INFO perfrun.perfcollector <> - precise event: event selector has no imprecise bit
112 [136593811703488] INFO perfrun.perfcollector <> - format: cpu/event=0xd3,umask=0x1,name='MEM_LOAD_L3_MISS_RETIRED.LOCAL_DRAM_PS'/
112 [136593811703488] INFO perfrun.perfcollector <> - event: 45: MEM_LOAD_L3_MISS_RETIRED.REMOTE_DRAM_PS
112 [136593811703488] INFO perfrun.perfcollector <> - cccr: addr: 188, value: 4302d3
112 [136593811703488] INFO perfrun.perfcollector <> - data: addr: c3, value: fffffffffffe795d
112 [136593811703488] INFO perfrun.perfcollector <> - pebs_enable: f0000000f
112 [136593811703488] INFO perfrun.perfcollector <> - pmu config: cpu
112 [136593811703488] INFO perfrun.perfcollector <> - config: any: 0
112 [136593811703488] INFO perfrun.perfcollector <> - config: cmask: 0
112 [136593811703488] INFO perfrun.perfcollector <> - config: edge: 0
112 [136593811703488] INFO perfrun.perfcollector <> - config: event: d3
112 [136593811703488] INFO perfrun.perfcollector <> - config1: frontend: 0
112 [136593811703488] INFO perfrun.perfcollector <> - config: inv: 0
112 [136593811703488] INFO perfrun.perfcollector <> - config1: ldlat: 0
112 [136593811703488] INFO perfrun.perfcollector <> - config1: offcore_rsp: 0
112 [136593811703488] INFO perfrun.perfcollector <> - config: pc: 0
112 [136593811703488] INFO perfrun.perfcollector <> - config: umask: 2
112 [136593811703488] INFO perfrun.perfcollector <> - precise event: event selector has no imprecise bit
112 [136593811703488] INFO perfrun.perfcollector <> - format: cpu/event=0xd3,umask=0x2,name='MEM_LOAD_L3_MISS_RETIRED.REMOTE_DRAM_PS'/
112 [136593811703488] INFO perfrun.perfcollector <> - event: 46: MEM_LOAD_L3_MISS_RETIRED.REMOTE_HITM_PS
112 [136593811703488] INFO perfrun.perfcollector <> - cccr: addr: 189, value: 4304d3
112 [136593811703488] INFO perfrun.perfcollector <> - data: addr: c4, value: fffffffffffe795d
112 [136593811703488] INFO perfrun.perfcollector <> - pebs_enable: f0000000f
112 [136593811703488] INFO perfrun.perfcollector <> - pmu config: cpu
112 [136593811703488] INFO perfrun.perfcollector <> - config: any: 0
112 [136593811703488] INFO perfrun.perfcollector <> - config: cmask: 0
112 [136593811703488] INFO perfrun.perfcollector <> - config: edge: 0
112 [136593811703488] INFO perfrun.perfcollector <> - config: event: d3
112 [136593811703488] INFO perfrun.perfcollector <> - config1: frontend: 0
112 [136593811703488] INFO perfrun.perfcollector <> - config: inv: 0
112 [136593811703488] INFO perfrun.perfcollector <> - config1: ldlat: 0
112 [136593811703488] INFO perfrun.perfcollector <> - config1: offcore_rsp: 0
112 [136593811703488] INFO perfrun.perfcollector <> - config: pc: 0
112 [136593811703488] INFO perfrun.perfcollector <> - config: umask: 4
112 [136593811703488] INFO perfrun.perfcollector <> - precise event: event selector has no imprecise bit
112 [136593811703488] INFO perfrun.perfcollector <> - format: cpu/event=0xd3,umask=0x4,name='MEM_LOAD_L3_MISS_RETIRED.REMOTE_HITM_PS'/
112 [136593811703488] INFO perfrun.perfcollector <> - event: 47: MEM_LOAD_L3_MISS_RETIRED.REMOTE_FWD
112 [136593811703488] INFO perfrun.perfcollector <> - cccr: addr: 186, value: 5308d3
112 [136593811703488] INFO perfrun.perfcollector <> - data: addr: c1, value: fffffffffffe795d
112 [136593811703488] INFO perfrun.perfcollector <> - pebs_enable: 600000006
112 [136593811703488] INFO perfrun.perfcollector <> - pmu config: cpu
112 [136593811703488] INFO perfrun.perfcollector <> - config: any: 0
112 [136593811703488] INFO perfrun.perfcollector <> - config: cmask: 0
112 [136593811703488] INFO perfrun.perfcollector <> - config: edge: 0
112 [136593811703488] INFO perfrun.perfcollector <> - config: event: d3
112 [136593811703488] INFO perfrun.perfcollector <> - config1: frontend: 0
112 [136593811703488] INFO perfrun.perfcollector <> - config: inv: 0
112 [136593811703488] INFO perfrun.perfcollector <> - config1: ldlat: 0
112 [136593811703488] INFO perfrun.perfcollector <> - config1: offcore_rsp: 0
112 [136593811703488] INFO perfrun.perfcollector <> - config: pc: 0
112 [136593811703488] INFO perfrun.perfcollector <> - config: umask: 8
112 [136593811703488] INFO perfrun.perfcollector <> - format: cpu/event=0xd3,umask=0x8,name='MEM_LOAD_L3_MISS_RETIRED.REMOTE_FWD'/
112 [136593811703488] INFO perfrun.perfcollector <> - event: 48: MEM_LOAD_RETIRED.LOCAL_PMM_PS
113 [136593811703488] INFO perfrun.perfcollector <> - cccr: addr: 187, value: 4380d1
113 [136593811703488] INFO perfrun.perfcollector <> - data: addr: c2, value: fffffffffffe795d
113 [136593811703488] INFO perfrun.perfcollector <> - pebs_enable: 600000006
113 [136593811703488] INFO perfrun.perfcollector <> - pmu config: cpu
113 [136593811703488] INFO perfrun.perfcollector <> - config: any: 0
113 [136593811703488] INFO perfrun.perfcollector <> - config: cmask: 0
113 [136593811703488] INFO perfrun.perfcollector <> - config: edge: 0
113 [136593811703488] INFO perfrun.perfcollector <> - config: event: d1
113 [136593811703488] INFO perfrun.perfcollector <> - config1: frontend: 0
113 [136593811703488] INFO perfrun.perfcollector <> - config: inv: 0
113 [136593811703488] INFO perfrun.perfcollector <> - config1: ldlat: 0
113 [136593811703488] INFO perfrun.perfcollector <> - config1: offcore_rsp: 0
113 [136593811703488] INFO perfrun.perfcollector <> - config: pc: 0
113 [136593811703488] INFO perfrun.perfcollector <> - config: umask: 80
113 [136593811703488] INFO perfrun.perfcollector <> - precise event: event selector has no imprecise bit
113 [136593811703488] INFO perfrun.perfcollector <> - format: cpu/event=0xd1,umask=0x80,name='MEM_LOAD_RETIRED.LOCAL_PMM_PS'/
113 [136593811703488] INFO perfrun.perfcollector <> - event: 49: MEM_LOAD_L3_MISS_RETIRED.REMOTE_PMM_PS
113 [136593811703488] INFO perfrun.perfcollector <> - cccr: addr: 188, value: 4310d3
113 [136593811703488] INFO perfrun.perfcollector <> - data: addr: c3, value: fffffffffffe795d
113 [136593811703488] INFO perfrun.perfcollector <> - pebs_enable: 600000006
113 [136593811703488] INFO perfrun.perfcollector <> - pmu config: cpu
113 [136593811703488] INFO perfrun.perfcollector <> - config: any: 0
113 [136593811703488] INFO perfrun.perfcollector <> - config: cmask: 0
113 [136593811703488] INFO perfrun.perfcollector <> - config: edge: 0
113 [136593811703488] INFO perfrun.perfcollector <> - config: event: d3
113 [136593811703488] INFO perfrun.perfcollector <> - config1: frontend: 0
113 [136593811703488] INFO perfrun.perfcollector <> - config: inv: 0
113 [136593811703488] INFO perfrun.perfcollector <> - config1: ldlat: 0
113 [136593811703488] INFO perfrun.perfcollector <> - config1: offcore_rsp: 0
113 [136593811703488] INFO perfrun.perfcollector <> - config: pc: 0
113 [136593811703488] INFO perfrun.perfcollector <> - config: umask: 10
113 [136593811703488] INFO perfrun.perfcollector <> - precise event: event selector has no imprecise bit
113 [136593811703488] INFO perfrun.perfcollector <> - format: cpu/event=0xd3,umask=0x10,name='MEM_LOAD_L3_MISS_RETIRED.REMOTE_PMM_PS'/
113 [136593811703488] INFO perfrun.perfcollector <> - event: 50: OCR.ALL_READS.L3_MISS_LOCAL_DRAM.ANY_SNOOP
113 [136593811703488] INFO perfrun.perfcollector <> - cccr: addr: 189, value: 5301b7
113 [136593811703488] INFO perfrun.perfcollector <> - data: addr: c4, value: fffffffffffe795d
113 [136593811703488] INFO perfrun.perfcollector <> - offcore_rsp: 3f840007f7
113 [136593811703488] INFO perfrun.perfcollector <> - pebs_enable: 600000006
113 [136593811703488] INFO perfrun.perfcollector <> - pmu config: cpu
113 [136593811703488] INFO perfrun.perfcollector <> - config: any: 0
113 [136593811703488] INFO perfrun.perfcollector <> - config: cmask: 0
113 [136593811703488] INFO perfrun.perfcollector <> - config: edge: 0
113 [136593811703488] INFO perfrun.perfcollector <> - config: event: b7
113 [136593811703488] INFO perfrun.perfcollector <> - config1: frontend: 0
113 [136593811703488] INFO perfrun.perfcollector <> - config: inv: 0
113 [136593811703488] INFO perfrun.perfcollector <> - config1: ldlat: 0
113 [136593811703488] INFO perfrun.perfcollector <> - config1: offcore_rsp: 3f840007f7
113 [136593811703488] INFO perfrun.perfcollector <> - config: pc: 0
113 [136593811703488] INFO perfrun.perfcollector <> - config: umask: 1
113 [136593811703488] INFO perfrun.perfcollector <> - format: cpu/event=0xb7,offcore_rsp=0x3f840007f7,umask=0x1,name='OCR.ALL_READS.L3_MISS_LOCAL_DRAM.ANY_SNOOP'/
113 [136593811703488] INFO perfrun.perfcollector <> - event: 51: OCR.ALL_READS.L3_MISS_REMOTE_HOP1_DRAM.ANY_SNOOP
113 [136593811703488] INFO perfrun.perfcollector <> - cccr: addr: 186, value: 5301b7
113 [136593811703488] INFO perfrun.perfcollector <> - data: addr: c1, value: fffffffffffe795d
113 [136593811703488] INFO perfrun.perfcollector <> - offcore_rsp: 3f900007f7
113 [136593811703488] INFO perfrun.perfcollector <> - pmu config: cpu
113 [136593811703488] INFO perfrun.perfcollector <> - config: any: 0
113 [136593811703488] INFO perfrun.perfcollector <> - config: cmask: 0
113 [136593811703488] INFO perfrun.perfcollector <> - config: edge: 0
113 [136593811703488] INFO perfrun.perfcollector <> - config: event: b7
113 [136593811703488] INFO perfrun.perfcollector <> - config1: frontend: 0
113 [136593811703488] INFO perfrun.perfcollector <> - config: inv: 0
113 [136593811703488] INFO perfrun.perfcollector <> - config1: ldlat: 0
113 [136593811703488] INFO perfrun.perfcollector <> - config1: offcore_rsp: 3f900007f7
113 [136593811703488] INFO perfrun.perfcollector <> - config: pc: 0
113 [136593811703488] INFO perfrun.perfcollector <> - config: umask: 1
113 [136593811703488] INFO perfrun.perfcollector <> - format: cpu/event=0xb7,offcore_rsp=0x3f900007f7,umask=0x1,name='OCR.ALL_READS.L3_MISS_REMOTE_HOP1_DRAM.ANY_SNOOP'/
113 [136593811703488] INFO perfrun.perfcollector <> - event: 52: CYCLE_ACTIVITY.CYCLES_L1D_MISS
113 [136593811703488] INFO perfrun.perfcollector <> - cccr: addr: 187, value: 85308a3
113 [136593811703488] INFO perfrun.perfcollector <> - data: addr: c2, value: ffffffffffe17b7d
113 [136593811703488] INFO perfrun.perfcollector <> - pmu config: cpu
113 [136593811703488] INFO perfrun.perfcollector <> - config: any: 0
113 [136593811703488] INFO perfrun.perfcollector <> - config: cmask: 8
113 [136593811703488] INFO perfrun.perfcollector <> - config: edge: 0
113 [136593811703488] INFO perfrun.perfcollector <> - config: event: a3
113 [136593811703488] INFO perfrun.perfcollector <> - config1: frontend: 0
113 [136593811703488] INFO perfrun.perfcollector <> - config: inv: 0
113 [136593811703488] INFO perfrun.perfcollector <> - config1: ldlat: 0
113 [136593811703488] INFO perfrun.perfcollector <> - config1: offcore_rsp: 0
113 [136593811703488] INFO perfrun.perfcollector <> - config: pc: 0
113 [136593811703488] INFO perfrun.perfcollector <> - config: umask: 8
113 [136593811703488] INFO perfrun.perfcollector <> - format: cpu/cmask=0x8,event=0xa3,umask=0x8,name='CYCLE_ACTIVITY.CYCLES_L1D_MISS'/
113 [136593811703488] INFO perfrun.perfcollector <> - event: 53: CYCLE_ACTIVITY.CYCLES_MEM_ANY
113 [136593811703488] INFO perfrun.perfcollector <> - cccr: addr: 188, value: 105310a3
113 [136593811703488] INFO perfrun.perfcollector <> - data: addr: c3, value: ffffffffffe17b7d
113 [136593811703488] INFO perfrun.perfcollector <> - pmu config: cpu
113 [136593811703488] INFO perfrun.perfcollector <> - config: any: 0
113 [136593811703488] INFO perfrun.perfcollector <> - config: cmask: 10
113 [136593811703488] INFO perfrun.perfcollector <> - config: edge: 0
113 [136593811703488] INFO perfrun.perfcollector <> - config: event: a3
113 [136593811703488] INFO perfrun.perfcollector <> - config1: frontend: 0
113 [136593811703488] INFO perfrun.perfcollector <> - config: inv: 0
113 [136593811703488] INFO perfrun.perfcollector <> - config1: ldlat: 0
113 [136593811703488] INFO perfrun.perfcollector <> - config1: offcore_rsp: 0
113 [136593811703488] INFO perfrun.perfcollector <> - config: pc: 0
113 [136593811703488] INFO perfrun.perfcollector <> - config: umask: 10
113 [136593811703488] INFO perfrun.perfcollector <> - format: cpu/cmask=0x10,event=0xa3,umask=0x10,name='CYCLE_ACTIVITY.CYCLES_MEM_ANY'/
113 [136593811703488] INFO perfrun.perfcollector <> - event: 54: DTLB_LOAD_MISSES.STLB_HIT:cmask=1
113 [136593811703488] INFO perfrun.perfcollector <> - cccr: addr: 189, value: 1532008
113 [136593811703488] INFO perfrun.perfcollector <> - data: addr: c4, value: ffffffffffe17b7d
113 [136593811703488] INFO perfrun.perfcollector <> - pmu config: cpu
113 [136593811703488] INFO perfrun.perfcollector <> - config: any: 0
113 [136593811703488] INFO perfrun.perfcollector <> - config: cmask: 1
113 [136593811703488] INFO perfrun.perfcollector <> - config: edge: 0
113 [136593811703488] INFO perfrun.perfcollector <> - config: event: 8
113 [136593811703488] INFO perfrun.perfcollector <> - config1: frontend: 0
113 [136593811703488] INFO perfrun.perfcollector <> - config: inv: 0
113 [136593811703488] INFO perfrun.perfcollector <> - config1: ldlat: 0
113 [136593811703488] INFO perfrun.perfcollector <> - config1: offcore_rsp: 0
113 [136593811703488] INFO perfrun.perfcollector <> - config: pc: 0
113 [136593811703488] INFO perfrun.perfcollector <> - config: umask: 20
113 [136593811703488] INFO perfrun.perfcollector <> - format: cpu/cmask=0x1,event=0x8,umask=0x20,name='DTLB_LOAD_MISSES.STLB_HIT:cmask=1'/
113 [136593811703488] INFO perfrun.perfcollector <> - event: 55: DTLB_LOAD_MISSES.WALK_ACTIVE
113 [136593811703488] INFO perfrun.perfcollector <> - cccr: addr: 186, value: 1531008
113 [136593811703488] INFO perfrun.perfcollector <> - data: addr: c1, value: fffffffffffe795d
113 [136593811703488] INFO perfrun.perfcollector <> - pmu config: cpu
113 [136593811703488] INFO perfrun.perfcollector <> - config: any: 0
113 [136593811703488] INFO perfrun.perfcollector <> - config: cmask: 1
113 [136593811703488] INFO perfrun.perfcollector <> - config: edge: 0
113 [136593811703488] INFO perfrun.perfcollector <> - config: event: 8
113 [136593811703488] INFO perfrun.perfcollector <> - config1: frontend: 0
113 [136593811703488] INFO perfrun.perfcollector <> - config: inv: 0
113 [136593811703488] INFO perfrun.perfcollector <> - config1: ldlat: 0
113 [136593811703488] INFO perfrun.perfcollector <> - config1: offcore_rsp: 0
113 [136593811703488] INFO perfrun.perfcollector <> - config: pc: 0
113 [136593811703488] INFO perfrun.perfcollector <> - config: umask: 10
113 [136593811703488] INFO perfrun.perfcollector <> - format: cpu/cmask=0x1,event=0x8,umask=0x10,name='DTLB_LOAD_MISSES.WALK_ACTIVE'/
113 [136593811703488] INFO perfrun.perfcollector <> - event: 56: DTLB_STORE_MISSES.STLB_HIT:cmask=1
113 [136593811703488] INFO perfrun.perfcollector <> - cccr: addr: 187, value: 1532049
113 [136593811703488] INFO perfrun.perfcollector <> - data: addr: c2, value: fffffffffffe795d
113 [136593811703488] INFO perfrun.perfcollector <> - pmu config: cpu
113 [136593811703488] INFO perfrun.perfcollector <> - config: any: 0
113 [136593811703488] INFO perfrun.perfcollector <> - config: cmask: 1
113 [136593811703488] INFO perfrun.perfcollector <> - config: edge: 0
113 [136593811703488] INFO perfrun.perfcollector <> - config: event: 49
113 [136593811703488] INFO perfrun.perfcollector <> - config1: frontend: 0
113 [136593811703488] INFO perfrun.perfcollector <> - config: inv: 0
113 [136593811703488] INFO perfrun.perfcollector <> - config1: ldlat: 0
113 [136593811703488] INFO perfrun.perfcollector <> - config1: offcore_rsp: 0
113 [136593811703488] INFO perfrun.perfcollector <> - config: pc: 0
113 [136593811703488] INFO perfrun.perfcollector <> - config: umask: 20
113 [136593811703488] INFO perfrun.perfcollector <> - format: cpu/cmask=0x1,event=0x49,umask=0x20,name='DTLB_STORE_MISSES.STLB_HIT:cmask=1'/
113 [136593811703488] INFO perfrun.perfcollector <> - event: 57: DTLB_STORE_MISSES.WALK_ACTIVE
113 [136593811703488] INFO perfrun.perfcollector <> - cccr: addr: 188, value: 1531049
113 [136593811703488] INFO perfrun.perfcollector <> - data: addr: c3, value: fffffffffffe795d
113 [136593811703488] INFO perfrun.perfcollector <> - pmu config: cpu
113 [136593811703488] INFO perfrun.perfcollector <> - config: any: 0
113 [136593811703488] INFO perfrun.perfcollector <> - config: cmask: 1
113 [136593811703488] INFO perfrun.perfcollector <> - config: edge: 0
113 [136593811703488] INFO perfrun.perfcollector <> - config: event: 49
113 [136593811703488] INFO perfrun.perfcollector <> - config1: frontend: 0
113 [136593811703488] INFO perfrun.perfcollector <> - config: inv: 0
113 [136593811703488] INFO perfrun.perfcollector <> - config1: ldlat: 0
113 [136593811703488] INFO perfrun.perfcollector <> - config1: offcore_rsp: 0
113 [136593811703488] INFO perfrun.perfcollector <> - config: pc: 0
113 [136593811703488] INFO perfrun.perfcollector <> - config: umask: 10
113 [136593811703488] INFO perfrun.perfcollector <> - format: cpu/cmask=0x1,event=0x49,umask=0x10,name='DTLB_STORE_MISSES.WALK_ACTIVE'/
113 [136593811703488] INFO perfrun.perfcollector <> - event: 58: L2_RQSTS.ALL_RFO
113 [136593811703488] INFO perfrun.perfcollector <> - cccr: addr: 189, value: 53e224
113 [136593811703488] INFO perfrun.perfcollector <> - data: addr: c4, value: fffffffffffcf2bd
113 [136593811703488] INFO perfrun.perfcollector <> - pmu config: cpu
113 [136593811703488] INFO perfrun.perfcollector <> - config: any: 0
113 [136593811703488] INFO perfrun.perfcollector <> - config: cmask: 0
113 [136593811703488] INFO perfrun.perfcollector <> - config: edge: 0
113 [136593811703488] INFO perfrun.perfcollector <> - config: event: 24
113 [136593811703488] INFO perfrun.perfcollector <> - config1: frontend: 0
113 [136593811703488] INFO perfrun.perfcollector <> - config: inv: 0
113 [136593811703488] INFO perfrun.perfcollector <> - config1: ldlat: 0
113 [136593811703488] INFO perfrun.perfcollector <> - config1: offcore_rsp: 0
113 [136593811703488] INFO perfrun.perfcollector <> - config: pc: 0
113 [136593811703488] INFO perfrun.perfcollector <> - config: umask: e2
113 [136593811703488] INFO perfrun.perfcollector <> - format: cpu/event=0x24,umask=0xe2,name='L2_RQSTS.ALL_RFO'/
113 [136593811703488] INFO perfrun.perfcollector <> - event: 59: L2_RQSTS.RFO_HIT
113 [136593811703488] INFO perfrun.perfcollector <> - cccr: addr: 186, value: 53c224
113 [136593811703488] INFO perfrun.perfcollector <> - data: addr: c1, value: fffffffffffcf2bd
113 [136593811703488] INFO perfrun.perfcollector <> - pmu config: cpu
113 [136593811703488] INFO perfrun.perfcollector <> - config: any: 0
113 [136593811703488] INFO perfrun.perfcollector <> - config: cmask: 0
113 [136593811703488] INFO perfrun.perfcollector <> - config: edge: 0
113 [136593811703488] INFO perfrun.perfcollector <> - config: event: 24
113 [136593811703488] INFO perfrun.perfcollector <> - config1: frontend: 0
113 [136593811703488] INFO perfrun.perfcollector <> - config: inv: 0
113 [136593811703488] INFO perfrun.perfcollector <> - config1: ldlat: 0
113 [136593811703488] INFO perfrun.perfcollector <> - config1: offcore_rsp: 0
113 [136593811703488] INFO perfrun.perfcollector <> - config: pc: 0
113 [136593811703488] INFO perfrun.perfcollector <> - config: umask: c2
113 [136593811703488] INFO perfrun.perfcollector <> - format: cpu/event=0x24,umask=0xc2,name='L2_RQSTS.RFO_HIT'/
113 [136593811703488] INFO perfrun.perfcollector <> - event: 60: LD_BLOCKS.NO_SR
113 [136593811703488] INFO perfrun.perfcollector <> - cccr: addr: 187, value: 530803
113 [136593811703488] INFO perfrun.perfcollector <> - data: addr: c2, value: fffffffffffe795d
113 [136593811703488] INFO perfrun.perfcollector <> - pmu config: cpu
113 [136593811703488] INFO perfrun.perfcollector <> - config: any: 0
113 [136593811703488] INFO perfrun.perfcollector <> - config: cmask: 0
113 [136593811703488] INFO perfrun.perfcollector <> - config: edge: 0
113 [136593811703488] INFO perfrun.perfcollector <> - config: event: 3
113 [136593811703488] INFO perfrun.perfcollector <> - config1: frontend: 0
113 [136593811703488] INFO perfrun.perfcollector <> - config: inv: 0
113 [136593811703488] INFO perfrun.perfcollector <> - config1: ldlat: 0
113 [136593811703488] INFO perfrun.perfcollector <> - config1: offcore_rsp: 0
113 [136593811703488] INFO perfrun.perfcollector <> - config: pc: 0
113 [136593811703488] INFO perfrun.perfcollector <> - config: umask: 8
113 [136593811703488] INFO perfrun.perfcollector <> - format: cpu/event=0x3,umask=0x8,name='LD_BLOCKS.NO_SR'/
113 [136593811703488] INFO perfrun.perfcollector <> - event: 61: LD_BLOCKS.STORE_FORWARD
113 [136593811703488] INFO perfrun.perfcollector <> - cccr: addr: 188, value: 530203
113 [136593811703488] INFO perfrun.perfcollector <> - data: addr: c3, value: fffffffffffe795d
113 [136593811703488] INFO perfrun.perfcollector <> - pmu config: cpu
113 [136593811703488] INFO perfrun.perfcollector <> - config: any: 0
113 [136593811703488] INFO perfrun.perfcollector <> - config: cmask: 0
113 [136593811703488] INFO perfrun.perfcollector <> - config: edge: 0
113 [136593811703488] INFO perfrun.perfcollector <> - config: event: 3
113 [136593811703488] INFO perfrun.perfcollector <> - config1: frontend: 0
113 [136593811703488] INFO perfrun.perfcollector <> - config: inv: 0
113 [136593811703488] INFO perfrun.perfcollector <> - config1: ldlat: 0
113 [136593811703488] INFO perfrun.perfcollector <> - config1: offcore_rsp: 0
113 [136593811703488] INFO perfrun.perfcollector <> - config: pc: 0
113 [136593811703488] INFO perfrun.perfcollector <> - config: umask: 2
113 [136593811703488] INFO perfrun.perfcollector <> - format: cpu/event=0x3,umask=0x2,name='LD_BLOCKS.STORE_FORWARD'/
113 [136593811703488] INFO perfrun.perfcollector <> - event: 62: LD_BLOCKS_PARTIAL.ADDRESS_ALIAS
113 [136593811703488] INFO perfrun.perfcollector <> - cccr: addr: 189, value: 530107
113 [136593811703488] INFO perfrun.perfcollector <> - data: addr: c4, value: fffffffffffe795d
113 [136593811703488] INFO perfrun.perfcollector <> - pmu config: cpu
113 [136593811703488] INFO perfrun.perfcollector <> - config: any: 0
113 [136593811703488] INFO perfrun.perfcollector <> - config: cmask: 0
113 [136593811703488] INFO perfrun.perfcollector <> - config: edge: 0
113 [136593811703488] INFO perfrun.perfcollector <> - config: event: 7
113 [136593811703488] INFO perfrun.perfcollector <> - config1: frontend: 0
113 [136593811703488] INFO perfrun.perfcollector <> - config: inv: 0
113 [136593811703488] INFO perfrun.perfcollector <> - config1: ldlat: 0
113 [136593811703488] INFO perfrun.perfcollector <> - config1: offcore_rsp: 0
113 [136593811703488] INFO perfrun.perfcollector <> - config: pc: 0
113 [136593811703488] INFO perfrun.perfcollector <> - config: umask: 1
113 [136593811703488] INFO perfrun.perfcollector <> - format: cpu/event=0x7,umask=0x1,name='LD_BLOCKS_PARTIAL.ADDRESS_ALIAS'/
113 [136593811703488] INFO perfrun.perfcollector <> - event: 63: MEM_INST_RETIRED.LOCK_LOADS_PS
113 [136593811703488] INFO perfrun.perfcollector <> - cccr: addr: 186, value: 4321d0
113 [136593811703488] INFO perfrun.perfcollector <> - data: addr: c1, value: fffffffffffe7959
113 [136593811703488] INFO perfrun.perfcollector <> - pebs_enable: f0000000f
113 [136593811703488] INFO perfrun.perfcollector <> - pmu config: cpu
113 [136593811703488] INFO perfrun.perfcollector <> - config: any: 0
113 [136593811703488] INFO perfrun.perfcollector <> - config: cmask: 0
113 [136593811703488] INFO perfrun.perfcollector <> - config: edge: 0
113 [136593811703488] INFO perfrun.perfcollector <> - config: event: d0
113 [136593811703488] INFO perfrun.perfcollector <> - config1: frontend: 0
113 [136593811703488] INFO perfrun.perfcollector <> - config: inv: 0
113 [136593811703488] INFO perfrun.perfcollector <> - config1: ldlat: 0
113 [136593811703488] INFO perfrun.perfcollector <> - config1: offcore_rsp: 0
113 [136593811703488] INFO perfrun.perfcollector <> - config: pc: 0
113 [136593811703488] INFO perfrun.perfcollector <> - config: umask: 21
113 [136593811703488] INFO perfrun.perfcollector <> - precise event: event selector has no imprecise bit
113 [136593811703488] INFO perfrun.perfcollector <> - format: cpu/event=0xd0,umask=0x21,name='MEM_INST_RETIRED.LOCK_LOADS_PS'/
113 [136593811703488] INFO perfrun.perfcollector <> - event: 64: MEM_INST_RETIRED.SPLIT_LOADS_PS
113 [136593811703488] INFO perfrun.perfcollector <> - cccr: addr: 187, value: 4341d0
113 [136593811703488] INFO perfrun.perfcollector <> - data: addr: c2, value: fffffffffffe795d
113 [136593811703488] INFO perfrun.perfcollector <> - pebs_enable: f0000000f
113 [136593811703488] INFO perfrun.perfcollector <> - pmu config: cpu
113 [136593811703488] INFO perfrun.perfcollector <> - config: any: 0
113 [136593811703488] INFO perfrun.perfcollector <> - config: cmask: 0
113 [136593811703488] INFO perfrun.perfcollector <> - config: edge: 0
113 [136593811703488] INFO perfrun.perfcollector <> - config: event: d0
113 [136593811703488] INFO perfrun.perfcollector <> - config1: frontend: 0
113 [136593811703488] INFO perfrun.perfcollector <> - config: inv: 0
113 [136593811703488] INFO perfrun.perfcollector <> - config1: ldlat: 0
113 [136593811703488] INFO perfrun.perfcollector <> - config1: offcore_rsp: 0
113 [136593811703488] INFO perfrun.perfcollector <> - config: pc: 0
113 [136593811703488] INFO perfrun.perfcollector <> - config: umask: 41
113 [136593811703488] INFO perfrun.perfcollector <> - precise event: event selector has no imprecise bit
113 [136593811703488] INFO perfrun.perfcollector <> - format: cpu/event=0xd0,umask=0x41,name='MEM_INST_RETIRED.SPLIT_LOADS_PS'/
113 [136593811703488] INFO perfrun.perfcollector <> - event: 65: MEM_INST_RETIRED.SPLIT_STORES_PS
113 [136593811703488] INFO perfrun.perfcollector <> - cccr: addr: 188, value: 4342d0
113 [136593811703488] INFO perfrun.perfcollector <> - data: addr: c3, value: fffffffffffe795d
113 [136593811703488] INFO perfrun.perfcollector <> - pebs_enable: f0000000f
113 [136593811703488] INFO perfrun.perfcollector <> - pmu config: cpu
113 [136593811703488] INFO perfrun.perfcollector <> - config: any: 0
113 [136593811703488] INFO perfrun.perfcollector <> - config: cmask: 0
113 [136593811703488] INFO perfrun.perfcollector <> - config: edge: 0
113 [136593811703488] INFO perfrun.perfcollector <> - config: event: d0
113 [136593811703488] INFO perfrun.perfcollector <> - config1: frontend: 0
113 [136593811703488] INFO perfrun.perfcollector <> - config: inv: 0
113 [136593811703488] INFO perfrun.perfcollector <> - config1: ldlat: 0
113 [136593811703488] INFO perfrun.perfcollector <> - config1: offcore_rsp: 0
113 [136593811703488] INFO perfrun.perfcollector <> - config: pc: 0
113 [136593811703488] INFO perfrun.perfcollector <> - config: umask: 42
113 [136593811703488] INFO perfrun.perfcollector <> - precise event: event selector has no imprecise bit
113 [136593811703488] INFO perfrun.perfcollector <> - format: cpu/event=0xd0,umask=0x42,name='MEM_INST_RETIRED.SPLIT_STORES_PS'/
113 [136593811703488] INFO perfrun.perfcollector <> - event: 66: MEM_INST_RETIRED.STLB_MISS_LOADS_PS
113 [136593811703488] INFO perfrun.perfcollector <> - cccr: addr: 189, value: 4311d0
113 [136593811703488] INFO perfrun.perfcollector <> - data: addr: c4, value: fffffffffffe795d
113 [136593811703488] INFO perfrun.perfcollector <> - pebs_enable: f0000000f
113 [136593811703488] INFO perfrun.perfcollector <> - pmu config: cpu
113 [136593811703488] INFO perfrun.perfcollector <> - config: any: 0
113 [136593811703488] INFO perfrun.perfcollector <> - config: cmask: 0
113 [136593811703488] INFO perfrun.perfcollector <> - config: edge: 0
113 [136593811703488] INFO perfrun.perfcollector <> - config: event: d0
113 [136593811703488] INFO perfrun.perfcollector <> - config1: frontend: 0
113 [136593811703488] INFO perfrun.perfcollector <> - config: inv: 0
113 [136593811703488] INFO perfrun.perfcollector <> - config1: ldlat: 0
113 [136593811703488] INFO perfrun.perfcollector <> - config1: offcore_rsp: 0
113 [136593811703488] INFO perfrun.perfcollector <> - config: pc: 0
113 [136593811703488] INFO perfrun.perfcollector <> - config: umask: 11
113 [136593811703488] INFO perfrun.perfcollector <> - precise event: event selector has no imprecise bit
113 [136593811703488] INFO perfrun.perfcollector <> - format: cpu/event=0xd0,umask=0x11,name='MEM_INST_RETIRED.STLB_MISS_LOADS_PS'/
113 [136593811703488] INFO perfrun.perfcollector <> - event: 67: MEM_INST_RETIRED.STLB_MISS_STORES_PS
113 [136593811703488] INFO perfrun.perfcollector <> - cccr: addr: 186, value: 4312d0
113 [136593811703488] INFO perfrun.perfcollector <> - data: addr: c1, value: fffffffffffe795d
113 [136593811703488] INFO perfrun.perfcollector <> - pebs_enable: 300000003
113 [136593811703488] INFO perfrun.perfcollector <> - pmu config: cpu
113 [136593811703488] INFO perfrun.perfcollector <> - config: any: 0
113 [136593811703488] INFO perfrun.perfcollector <> - config: cmask: 0
113 [136593811703488] INFO perfrun.perfcollector <> - config: edge: 0
113 [136593811703488] INFO perfrun.perfcollector <> - config: event: d0
113 [136593811703488] INFO perfrun.perfcollector <> - config1: frontend: 0
113 [136593811703488] INFO perfrun.perfcollector <> - config: inv: 0
113 [136593811703488] INFO perfrun.perfcollector <> - config1: ldlat: 0
113 [136593811703488] INFO perfrun.perfcollector <> - config1: offcore_rsp: 0
113 [136593811703488] INFO perfrun.perfcollector <> - config: pc: 0
113 [136593811703488] INFO perfrun.perfcollector <> - config: umask: 12
113 [136593811703488] INFO perfrun.perfcollector <> - precise event: event selector has no imprecise bit
113 [136593811703488] INFO perfrun.perfcollector <> - format: cpu/event=0xd0,umask=0x12,name='MEM_INST_RETIRED.STLB_MISS_STORES_PS'/
113 [136593811703488] INFO perfrun.perfcollector <> - event: 68: MEM_LOAD_RETIRED.L1_HIT_PS
113 [136593811703488] INFO perfrun.perfcollector <> - cccr: addr: 187, value: 4301d1
113 [136593811703488] INFO perfrun.perfcollector <> - data: addr: c2, value: ffffffffffe17b7d
113 [136593811703488] INFO perfrun.perfcollector <> - pebs_enable: 300000003
113 [136593811703488] INFO perfrun.perfcollector <> - pmu config: cpu
113 [136593811703488] INFO perfrun.perfcollector <> - config: any: 0
113 [136593811703488] INFO perfrun.perfcollector <> - config: cmask: 0
113 [136593811703488] INFO perfrun.perfcollector <> - config: edge: 0
113 [136593811703488] INFO perfrun.perfcollector <> - config: event: d1
113 [136593811703488] INFO perfrun.perfcollector <> - config1: frontend: 0
113 [136593811703488] INFO perfrun.perfcollector <> - config: inv: 0
113 [136593811703488] INFO perfrun.perfcollector <> - config1: ldlat: 0
113 [136593811703488] INFO perfrun.perfcollector <> - config1: offcore_rsp: 0
113 [136593811703488] INFO perfrun.perfcollector <> - config: pc: 0
113 [136593811703488] INFO perfrun.perfcollector <> - config: umask: 1
113 [136593811703488] INFO perfrun.perfcollector <> - precise event: event selector has no imprecise bit
113 [136593811703488] INFO perfrun.perfcollector <> - format: cpu/event=0xd1,umask=0x1,name='MEM_LOAD_RETIRED.L1_HIT_PS'/
113 [136593811703488] INFO perfrun.perfcollector <> - event: 69: OFFCORE_REQUESTS_BUFFER.SQ_FULL
113 [136593811703488] INFO perfrun.perfcollector <> - cccr: addr: 188, value: 5301b2
113 [136593811703488] INFO perfrun.perfcollector <> - data: addr: c3, value: ffffffffffe17b7d
113 [136593811703488] INFO perfrun.perfcollector <> - pebs_enable: 300000003
113 [136593811703488] INFO perfrun.perfcollector <> - pmu config: cpu
113 [136593811703488] INFO perfrun.perfcollector <> - config: any: 0
113 [136593811703488] INFO perfrun.perfcollector <> - config: cmask: 0
113 [136593811703488] INFO perfrun.perfcollector <> - config: edge: 0
113 [136593811703488] INFO perfrun.perfcollector <> - config: event: b2
113 [136593811703488] INFO perfrun.perfcollector <> - config1: frontend: 0
113 [136593811703488] INFO perfrun.perfcollector <> - config: inv: 0
113 [136593811703488] INFO perfrun.perfcollector <> - config1: ldlat: 0
113 [136593811703488] INFO perfrun.perfcollector <> - config1: offcore_rsp: 0
113 [136593811703488] INFO perfrun.perfcollector <> - config: pc: 0
113 [136593811703488] INFO perfrun.perfcollector <> - config: umask: 1
113 [136593811703488] INFO perfrun.perfcollector <> - format: cpu/event=0xb2,umask=0x1,name='OFFCORE_REQUESTS_BUFFER.SQ_FULL'/
113 [136593811703488] INFO perfrun.perfcollector <> - event: 70: OFFCORE_REQUESTS_OUTSTANDING.CYCLES_WITH_DEMAND_RFO
113 [136593811703488] INFO perfrun.perfcollector <> - cccr: addr: 189, value: 1530460
113 [136593811703488] INFO perfrun.perfcollector <> - data: addr: c4, value: ffffffffffe17b7d
113 [136593811703488] INFO perfrun.perfcollector <> - pebs_enable: 300000003
113 [136593811703488] INFO perfrun.perfcollector <> - pmu config: cpu
113 [136593811703488] INFO perfrun.perfcollector <> - config: any: 0
113 [136593811703488] INFO perfrun.perfcollector <> - config: cmask: 1
113 [136593811703488] INFO perfrun.perfcollector <> - config: edge: 0
113 [136593811703488] INFO perfrun.perfcollector <> - config: event: 60
113 [136593811703488] INFO perfrun.perfcollector <> - config1: frontend: 0
113 [136593811703488] INFO perfrun.perfcollector <> - config: inv: 0
113 [136593811703488] INFO perfrun.perfcollector <> - config1: ldlat: 0
113 [136593811703488] INFO perfrun.perfcollector <> - config1: offcore_rsp: 0
113 [136593811703488] INFO perfrun.perfcollector <> - config: pc: 0
113 [136593811703488] INFO perfrun.perfcollector <> - config: umask: 4
113 [136593811703488] INFO perfrun.perfcollector <> - format: cpu/cmask=0x1,event=0x60,umask=0x4,name='OFFCORE_REQUESTS_OUTSTANDING.CYCLES_WITH_DEMAND_RFO'/
113 [136593811703488] INFO perfrun.perfcollector <> - event: 71: UNC_M_CAS_COUNT.RD
113 [136593811703488] INFO perfrun.perfcollector <> - cccr: addr: d8, value: 400304
113 [136593811703488] INFO perfrun.perfcollector <> - data: addr: a0, value: 0
113 [136593811703488] INFO perfrun.perfcollector <> - pmu config: uncore_imc_0
113 [136593811703488] INFO perfrun.perfcollector <> - config: edge: 0
113 [136593811703488] INFO perfrun.perfcollector <> - config: event: 4
113 [136593811703488] INFO perfrun.perfcollector <> - config: inv: 0
113 [136593811703488] INFO perfrun.perfcollector <> - config: thresh: 0
113 [136593811703488] INFO perfrun.perfcollector <> - config: umask: 3
113 [136593811703488] INFO perfrun.perfcollector <> - format: uncore_imc_0/event=0x4,umask=0x3,name='UNC_M_CAS_COUNT.RD[UNIT0]'/
113 [136593811703488] INFO perfrun.perfcollector <> - event: 71: UNC_M_CAS_COUNT.RD
113 [136593811703488] INFO perfrun.perfcollector <> - cccr: addr: d8, value: 400304
113 [136593811703488] INFO perfrun.perfcollector <> - data: addr: a0, value: 0
113 [136593811703488] INFO perfrun.perfcollector <> - pmu config: uncore_imc_1
113 [136593811703488] INFO perfrun.perfcollector <> - config: edge: 0
113 [136593811703488] INFO perfrun.perfcollector <> - config: event: 4
113 [136593811703488] INFO perfrun.perfcollector <> - config: inv: 0
113 [136593811703488] INFO perfrun.perfcollector <> - config: thresh: 0
113 [136593811703488] INFO perfrun.perfcollector <> - config: umask: 3
113 [136593811703488] INFO perfrun.perfcollector <> - format: uncore_imc_1/event=0x4,umask=0x3,name='UNC_M_CAS_COUNT.RD[UNIT1]'/
113 [136593811703488] INFO perfrun.perfcollector <> - event: 71: UNC_M_CAS_COUNT.RD
113 [136593811703488] INFO perfrun.perfcollector <> - cccr: addr: d8, value: 400304
113 [136593811703488] INFO perfrun.perfcollector <> - data: addr: a0, value: 0
113 [136593811703488] INFO perfrun.perfcollector <> - pmu config: uncore_imc_2
113 [136593811703488] INFO perfrun.perfcollector <> - config: edge: 0
113 [136593811703488] INFO perfrun.perfcollector <> - config: event: 4
113 [136593811703488] INFO perfrun.perfcollector <> - config: inv: 0
113 [136593811703488] INFO perfrun.perfcollector <> - config: thresh: 0
113 [136593811703488] INFO perfrun.perfcollector <> - config: umask: 3
113 [136593811703488] INFO perfrun.perfcollector <> - format: uncore_imc_2/event=0x4,umask=0x3,name='UNC_M_CAS_COUNT.RD[UNIT2]'/
113 [136593811703488] INFO perfrun.perfcollector <> - event: 71: UNC_M_CAS_COUNT.RD
113 [136593811703488] INFO perfrun.perfcollector <> - cccr: addr: d8, value: 400304
113 [136593811703488] INFO perfrun.perfcollector <> - data: addr: a0, value: 0
113 [136593811703488] INFO perfrun.perfcollector <> - pmu config: uncore_imc_3
113 [136593811703488] INFO perfrun.perfcollector <> - config: edge: 0
113 [136593811703488] INFO perfrun.perfcollector <> - config: event: 4
113 [136593811703488] INFO perfrun.perfcollector <> - config: inv: 0
113 [136593811703488] INFO perfrun.perfcollector <> - config: thresh: 0
113 [136593811703488] INFO perfrun.perfcollector <> - config: umask: 3
113 [136593811703488] INFO perfrun.perfcollector <> - format: uncore_imc_3/event=0x4,umask=0x3,name='UNC_M_CAS_COUNT.RD[UNIT3]'/
113 [136593811703488] INFO perfrun.perfcollector <> - event: 71: UNC_M_CAS_COUNT.RD
113 [136593811703488] INFO perfrun.perfcollector <> - cccr: addr: d8, value: 400304
113 [136593811703488] INFO perfrun.perfcollector <> - data: addr: a0, value: 0
113 [136593811703488] INFO perfrun.perfcollector <> - pmu config: uncore_imc_4
113 [136593811703488] INFO perfrun.perfcollector <> - config: edge: 0
113 [136593811703488] INFO perfrun.perfcollector <> - config: event: 4
113 [136593811703488] INFO perfrun.perfcollector <> - config: inv: 0
113 [136593811703488] INFO perfrun.perfcollector <> - config: thresh: 0
113 [136593811703488] INFO perfrun.perfcollector <> - config: umask: 3
113 [136593811703488] INFO perfrun.perfcollector <> - format: uncore_imc_4/event=0x4,umask=0x3,name='UNC_M_CAS_COUNT.RD[UNIT4]'/
113 [136593811703488] INFO perfrun.perfcollector <> - event: 71: UNC_M_CAS_COUNT.RD
113 [136593811703488] INFO perfrun.perfcollector <> - cccr: addr: d8, value: 400304
113 [136593811703488] INFO perfrun.perfcollector <> - data: addr: a0, value: 0
113 [136593811703488] INFO perfrun.perfcollector <> - pmu config: uncore_imc_5
113 [136593811703488] INFO perfrun.perfcollector <> - config: edge: 0
113 [136593811703488] INFO perfrun.perfcollector <> - config: event: 4
113 [136593811703488] INFO perfrun.perfcollector <> - config: inv: 0
113 [136593811703488] INFO perfrun.perfcollector <> - config: thresh: 0
113 [136593811703488] INFO perfrun.perfcollector <> - config: umask: 3
113 [136593811703488] INFO perfrun.perfcollector <> - format: uncore_imc_5/event=0x4,umask=0x3,name='UNC_M_CAS_COUNT.RD[UNIT5]'/
113 [136593811703488] INFO perfrun.perfcollector <> - event: 72: UNC_M_CAS_COUNT.WR
113 [136593811703488] INFO perfrun.perfcollector <> - cccr: addr: dc, value: 400c04
113 [136593811703488] INFO perfrun.perfcollector <> - data: addr: a8, value: 0
113 [136593811703488] INFO perfrun.perfcollector <> - pmu config: uncore_imc_0
113 [136593811703488] INFO perfrun.perfcollector <> - config: edge: 0
113 [136593811703488] INFO perfrun.perfcollector <> - config: event: 4
113 [136593811703488] INFO perfrun.perfcollector <> - config: inv: 0
113 [136593811703488] INFO perfrun.perfcollector <> - config: thresh: 0
113 [136593811703488] INFO perfrun.perfcollector <> - config: umask: c
113 [136593811703488] INFO perfrun.perfcollector <> - format: uncore_imc_0/event=0x4,umask=0xc,name='UNC_M_CAS_COUNT.WR[UNIT0]'/
113 [136593811703488] INFO perfrun.perfcollector <> - event: 72: UNC_M_CAS_COUNT.WR
113 [136593811703488] INFO perfrun.perfcollector <> - cccr: addr: dc, value: 400c04
113 [136593811703488] INFO perfrun.perfcollector <> - data: addr: a8, value: 0
113 [136593811703488] INFO perfrun.perfcollector <> - pmu config: uncore_imc_1
113 [136593811703488] INFO perfrun.perfcollector <> - config: edge: 0
113 [136593811703488] INFO perfrun.perfcollector <> - config: event: 4
113 [136593811703488] INFO perfrun.perfcollector <> - config: inv: 0
113 [136593811703488] INFO perfrun.perfcollector <> - config: thresh: 0
113 [136593811703488] INFO perfrun.perfcollector <> - config: umask: c
113 [136593811703488] INFO perfrun.perfcollector <> - format: uncore_imc_1/event=0x4,umask=0xc,name='UNC_M_CAS_COUNT.WR[UNIT1]'/
113 [136593811703488] INFO perfrun.perfcollector <> - event: 72: UNC_M_CAS_COUNT.WR
113 [136593811703488] INFO perfrun.perfcollector <> - cccr: addr: dc, value: 400c04
113 [136593811703488] INFO perfrun.perfcollector <> - data: addr: a8, value: 0
113 [136593811703488] INFO perfrun.perfcollector <> - pmu config: uncore_imc_2
113 [136593811703488] INFO perfrun.perfcollector <> - config: edge: 0
113 [136593811703488] INFO perfrun.perfcollector <> - config: event: 4
113 [136593811703488] INFO perfrun.perfcollector <> - config: inv: 0
113 [136593811703488] INFO perfrun.perfcollector <> - config: thresh: 0
113 [136593811703488] INFO perfrun.perfcollector <> - config: umask: c
113 [136593811703488] INFO perfrun.perfcollector <> - format: uncore_imc_2/event=0x4,umask=0xc,name='UNC_M_CAS_COUNT.WR[UNIT2]'/
113 [136593811703488] INFO perfrun.perfcollector <> - event: 72: UNC_M_CAS_COUNT.WR
113 [136593811703488] INFO perfrun.perfcollector <> - cccr: addr: dc, value: 400c04
113 [136593811703488] INFO perfrun.perfcollector <> - data: addr: a8, value: 0
113 [136593811703488] INFO perfrun.perfcollector <> - pmu config: uncore_imc_3
113 [136593811703488] INFO perfrun.perfcollector <> - config: edge: 0
113 [136593811703488] INFO perfrun.perfcollector <> - config: event: 4
113 [136593811703488] INFO perfrun.perfcollector <> - config: inv: 0
113 [136593811703488] INFO perfrun.perfcollector <> - config: thresh: 0
113 [136593811703488] INFO perfrun.perfcollector <> - config: umask: c
113 [136593811703488] INFO perfrun.perfcollector <> - format: uncore_imc_3/event=0x4,umask=0xc,name='UNC_M_CAS_COUNT.WR[UNIT3]'/
113 [136593811703488] INFO perfrun.perfcollector <> - event: 72: UNC_M_CAS_COUNT.WR
114 [136593811703488] INFO perfrun.perfcollector <> - cccr: addr: dc, value: 400c04
114 [136593811703488] INFO perfrun.perfcollector <> - data: addr: a8, value: 0
114 [136593811703488] INFO perfrun.perfcollector <> - pmu config: uncore_imc_4
114 [136593811703488] INFO perfrun.perfcollector <> - config: edge: 0
114 [136593811703488] INFO perfrun.perfcollector <> - config: event: 4
114 [136593811703488] INFO perfrun.perfcollector <> - config: inv: 0
114 [136593811703488] INFO perfrun.perfcollector <> - config: thresh: 0
114 [136593811703488] INFO perfrun.perfcollector <> - config: umask: c
114 [136593811703488] INFO perfrun.perfcollector <> - format: uncore_imc_4/event=0x4,umask=0xc,name='UNC_M_CAS_COUNT.WR[UNIT4]'/
114 [136593811703488] INFO perfrun.perfcollector <> - event: 72: UNC_M_CAS_COUNT.WR
114 [136593811703488] INFO perfrun.perfcollector <> - cccr: addr: dc, value: 400c04
114 [136593811703488] INFO perfrun.perfcollector <> - data: addr: a8, value: 0
114 [136593811703488] INFO perfrun.perfcollector <> - pmu config: uncore_imc_5
114 [136593811703488] INFO perfrun.perfcollector <> - config: edge: 0
114 [136593811703488] INFO perfrun.perfcollector <> - config: event: 4
114 [136593811703488] INFO perfrun.perfcollector <> - config: inv: 0
114 [136593811703488] INFO perfrun.perfcollector <> - config: thresh: 0
114 [136593811703488] INFO perfrun.perfcollector <> - config: umask: c
114 [136593811703488] INFO perfrun.perfcollector <> - format: uncore_imc_5/event=0x4,umask=0xc,name='UNC_M_CAS_COUNT.WR[UNIT5]'/
114 [136593811703488] INFO perfrun.perfcollector <> - event: 73: UNC_M_TAGCHK.MISS_CLEAN
114 [136593811703488] INFO perfrun.perfcollector <> - cccr: addr: e0, value: 4002d3
114 [136593811703488] INFO perfrun.perfcollector <> - data: addr: b0, value: 0
114 [136593811703488] INFO perfrun.perfcollector <> - pmu config: uncore_imc_0
114 [136593811703488] INFO perfrun.perfcollector <> - config: edge: 0
114 [136593811703488] INFO perfrun.perfcollector <> - config: event: d3
114 [136593811703488] INFO perfrun.perfcollector <> - config: inv: 0
114 [136593811703488] INFO perfrun.perfcollector <> - config: thresh: 0
114 [136593811703488] INFO perfrun.perfcollector <> - config: umask: 2
114 [136593811703488] INFO perfrun.perfcollector <> - format: uncore_imc_0/event=0xd3,umask=0x2,name='UNC_M_TAGCHK.MISS_CLEAN[UNIT0]'/
114 [136593811703488] INFO perfrun.perfcollector <> - event: 73: UNC_M_TAGCHK.MISS_CLEAN
114 [136593811703488] INFO perfrun.perfcollector <> - cccr: addr: e0, value: 4002d3
114 [136593811703488] INFO perfrun.perfcollector <> - data: addr: b0, value: 0
114 [136593811703488] INFO perfrun.perfcollector <> - pmu config: uncore_imc_1
114 [136593811703488] INFO perfrun.perfcollector <> - config: edge: 0
114 [136593811703488] INFO perfrun.perfcollector <> - config: event: d3
114 [136593811703488] INFO perfrun.perfcollector <> - config: inv: 0
114 [136593811703488] INFO perfrun.perfcollector <> - config: thresh: 0
114 [136593811703488] INFO perfrun.perfcollector <> - config: umask: 2
114 [136593811703488] INFO perfrun.perfcollector <> - format: uncore_imc_1/event=0xd3,umask=0x2,name='UNC_M_TAGCHK.MISS_CLEAN[UNIT1]'/
114 [136593811703488] INFO perfrun.perfcollector <> - event: 73: UNC_M_TAGCHK.MISS_CLEAN
114 [136593811703488] INFO perfrun.perfcollector <> - cccr: addr: e0, value: 4002d3
114 [136593811703488] INFO perfrun.perfcollector <> - data: addr: b0, value: 0
114 [136593811703488] INFO perfrun.perfcollector <> - pmu config: uncore_imc_2
114 [136593811703488] INFO perfrun.perfcollector <> - config: edge: 0
114 [136593811703488] INFO perfrun.perfcollector <> - config: event: d3
114 [136593811703488] INFO perfrun.perfcollector <> - config: inv: 0
114 [136593811703488] INFO perfrun.perfcollector <> - config: thresh: 0
114 [136593811703488] INFO perfrun.perfcollector <> - config: umask: 2
114 [136593811703488] INFO perfrun.perfcollector <> - format: uncore_imc_2/event=0xd3,umask=0x2,name='UNC_M_TAGCHK.MISS_CLEAN[UNIT2]'/
114 [136593811703488] INFO perfrun.perfcollector <> - event: 73: UNC_M_TAGCHK.MISS_CLEAN
114 [136593811703488] INFO perfrun.perfcollector <> - cccr: addr: e0, value: 4002d3
114 [136593811703488] INFO perfrun.perfcollector <> - data: addr: b0, value: 0
114 [136593811703488] INFO perfrun.perfcollector <> - pmu config: uncore_imc_3
114 [136593811703488] INFO perfrun.perfcollector <> - config: edge: 0
114 [136593811703488] INFO perfrun.perfcollector <> - config: event: d3
114 [136593811703488] INFO perfrun.perfcollector <> - config: inv: 0
114 [136593811703488] INFO perfrun.perfcollector <> - config: thresh: 0
114 [136593811703488] INFO perfrun.perfcollector <> - config: umask: 2
114 [136593811703488] INFO perfrun.perfcollector <> - format: uncore_imc_3/event=0xd3,umask=0x2,name='UNC_M_TAGCHK.MISS_CLEAN[UNIT3]'/
114 [136593811703488] INFO perfrun.perfcollector <> - event: 73: UNC_M_TAGCHK.MISS_CLEAN
114 [136593811703488] INFO perfrun.perfcollector <> - cccr: addr: e0, value: 4002d3
114 [136593811703488] INFO perfrun.perfcollector <> - data: addr: b0, value: 0
114 [136593811703488] INFO perfrun.perfcollector <> - pmu config: uncore_imc_4
114 [136593811703488] INFO perfrun.perfcollector <> - config: edge: 0
114 [136593811703488] INFO perfrun.perfcollector <> - config: event: d3
114 [136593811703488] INFO perfrun.perfcollector <> - config: inv: 0
114 [136593811703488] INFO perfrun.perfcollector <> - config: thresh: 0
114 [136593811703488] INFO perfrun.perfcollector <> - config: umask: 2
114 [136593811703488] INFO perfrun.perfcollector <> - format: uncore_imc_4/event=0xd3,umask=0x2,name='UNC_M_TAGCHK.MISS_CLEAN[UNIT4]'/
114 [136593811703488] INFO perfrun.perfcollector <> - event: 73: UNC_M_TAGCHK.MISS_CLEAN
114 [136593811703488] INFO perfrun.perfcollector <> - cccr: addr: e0, value: 4002d3
114 [136593811703488] INFO perfrun.perfcollector <> - data: addr: b0, value: 0
114 [136593811703488] INFO perfrun.perfcollector <> - pmu config: uncore_imc_5
114 [136593811703488] INFO perfrun.perfcollector <> - config: edge: 0
114 [136593811703488] INFO perfrun.perfcollector <> - config: event: d3
114 [136593811703488] INFO perfrun.perfcollector <> - config: inv: 0
114 [136593811703488] INFO perfrun.perfcollector <> - config: thresh: 0
114 [136593811703488] INFO perfrun.perfcollector <> - config: umask: 2
114 [136593811703488] INFO perfrun.perfcollector <> - format: uncore_imc_5/event=0xd3,umask=0x2,name='UNC_M_TAGCHK.MISS_CLEAN[UNIT5]'/
114 [136593811703488] INFO perfrun.perfcollector <> - event: 74: UNC_M_TAGCHK.MISS_DIRTY
114 [136593811703488] INFO perfrun.perfcollector <> - cccr: addr: e4, value: 4004d3
114 [136593811703488] INFO perfrun.perfcollector <> - data: addr: b8, value: 0
114 [136593811703488] INFO perfrun.perfcollector <> - pmu config: uncore_imc_0
114 [136593811703488] INFO perfrun.perfcollector <> - config: edge: 0
114 [136593811703488] INFO perfrun.perfcollector <> - config: event: d3
114 [136593811703488] INFO perfrun.perfcollector <> - config: inv: 0
114 [136593811703488] INFO perfrun.perfcollector <> - config: thresh: 0
114 [136593811703488] INFO perfrun.perfcollector <> - config: umask: 4
114 [136593811703488] INFO perfrun.perfcollector <> - format: uncore_imc_0/event=0xd3,umask=0x4,name='UNC_M_TAGCHK.MISS_DIRTY[UNIT0]'/
114 [136593811703488] INFO perfrun.perfcollector <> - event: 74: UNC_M_TAGCHK.MISS_DIRTY
114 [136593811703488] INFO perfrun.perfcollector <> - cccr: addr: e4, value: 4004d3
114 [136593811703488] INFO perfrun.perfcollector <> - data: addr: b8, value: 0
114 [136593811703488] INFO perfrun.perfcollector <> - pmu config: uncore_imc_1
114 [136593811703488] INFO perfrun.perfcollector <> - config: edge: 0
114 [136593811703488] INFO perfrun.perfcollector <> - config: event: d3
114 [136593811703488] INFO perfrun.perfcollector <> - config: inv: 0
114 [136593811703488] INFO perfrun.perfcollector <> - config: thresh: 0
114 [136593811703488] INFO perfrun.perfcollector <> - config: umask: 4
114 [136593811703488] INFO perfrun.perfcollector <> - format: uncore_imc_1/event=0xd3,umask=0x4,name='UNC_M_TAGCHK.MISS_DIRTY[UNIT1]'/
114 [136593811703488] INFO perfrun.perfcollector <> - event: 74: UNC_M_TAGCHK.MISS_DIRTY
114 [136593811703488] INFO perfrun.perfcollector <> - cccr: addr: e4, value: 4004d3
114 [136593811703488] INFO perfrun.perfcollector <> - data: addr: b8, value: 0
114 [136593811703488] INFO perfrun.perfcollector <> - pmu config: uncore_imc_2
114 [136593811703488] INFO perfrun.perfcollector <> - config: edge: 0
114 [136593811703488] INFO perfrun.perfcollector <> - config: event: d3
114 [136593811703488] INFO perfrun.perfcollector <> - config: inv: 0
114 [136593811703488] INFO perfrun.perfcollector <> - config: thresh: 0
114 [136593811703488] INFO perfrun.perfcollector <> - config: umask: 4
114 [136593811703488] INFO perfrun.perfcollector <> - format: uncore_imc_2/event=0xd3,umask=0x4,name='UNC_M_TAGCHK.MISS_DIRTY[UNIT2]'/
114 [136593811703488] INFO perfrun.perfcollector <> - event: 74: UNC_M_TAGCHK.MISS_DIRTY
114 [136593811703488] INFO perfrun.perfcollector <> - cccr: addr: e4, value: 4004d3
114 [136593811703488] INFO perfrun.perfcollector <> - data: addr: b8, value: 0
114 [136593811703488] INFO perfrun.perfcollector <> - pmu config: uncore_imc_3
114 [136593811703488] INFO perfrun.perfcollector <> - config: edge: 0
114 [136593811703488] INFO perfrun.perfcollector <> - config: event: d3
114 [136593811703488] INFO perfrun.perfcollector <> - config: inv: 0
114 [136593811703488] INFO perfrun.perfcollector <> - config: thresh: 0
114 [136593811703488] INFO perfrun.perfcollector <> - config: umask: 4
114 [136593811703488] INFO perfrun.perfcollector <> - format: uncore_imc_3/event=0xd3,umask=0x4,name='UNC_M_TAGCHK.MISS_DIRTY[UNIT3]'/
114 [136593811703488] INFO perfrun.perfcollector <> - event: 74: UNC_M_TAGCHK.MISS_DIRTY
114 [136593811703488] INFO perfrun.perfcollector <> - cccr: addr: e4, value: 4004d3
114 [136593811703488] INFO perfrun.perfcollector <> - data: addr: b8, value: 0
114 [136593811703488] INFO perfrun.perfcollector <> - pmu config: uncore_imc_4
114 [136593811703488] INFO perfrun.perfcollector <> - config: edge: 0
114 [136593811703488] INFO perfrun.perfcollector <> - config: event: d3
114 [136593811703488] INFO perfrun.perfcollector <> - config: inv: 0
114 [136593811703488] INFO perfrun.perfcollector <> - config: thresh: 0
114 [136593811703488] INFO perfrun.perfcollector <> - config: umask: 4
114 [136593811703488] INFO perfrun.perfcollector <> - format: uncore_imc_4/event=0xd3,umask=0x4,name='UNC_M_TAGCHK.MISS_DIRTY[UNIT4]'/
114 [136593811703488] INFO perfrun.perfcollector <> - event: 74: UNC_M_TAGCHK.MISS_DIRTY
114 [136593811703488] INFO perfrun.perfcollector <> - cccr: addr: e4, value: 4004d3
114 [136593811703488] INFO perfrun.perfcollector <> - data: addr: b8, value: 0
114 [136593811703488] INFO perfrun.perfcollector <> - pmu config: uncore_imc_5
114 [136593811703488] INFO perfrun.perfcollector <> - config: edge: 0
114 [136593811703488] INFO perfrun.perfcollector <> - config: event: d3
114 [136593811703488] INFO perfrun.perfcollector <> - config: inv: 0
114 [136593811703488] INFO perfrun.perfcollector <> - config: thresh: 0
114 [136593811703488] INFO perfrun.perfcollector <> - config: umask: 4
114 [136593811703488] INFO perfrun.perfcollector <> - format: uncore_imc_5/event=0xd3,umask=0x4,name='UNC_M_TAGCHK.MISS_DIRTY[UNIT5]'/
114 [136593811703488] INFO perfrun.perfcollector <> - event: 75: UNC_M2M_IMC_READS.TO_PMM
114 [136593811703488] INFO perfrun.perfcollector <> - cccr: addr: 228, value: 400837
114 [136593811703488] INFO perfrun.perfcollector <> - data: addr: 200, value: 0
114 [136593811703488] INFO perfrun.perfcollector <> - pmu config: uncore_m2m_0
114 [136593811703488] INFO perfrun.perfcollector <> - config: edge: 0
114 [136593811703488] INFO perfrun.perfcollector <> - config: event: 37
114 [136593811703488] INFO perfrun.perfcollector <> - config: inv: 0
114 [136593811703488] INFO perfrun.perfcollector <> - config: thresh: 0
114 [136593811703488] INFO perfrun.perfcollector <> - config: umask: 8
114 [136593811703488] INFO perfrun.perfcollector <> - format: uncore_m2m_0/event=0x37,umask=0x8,name='UNC_M2M_IMC_READS.TO_PMM[UNIT0]'/
114 [136593811703488] INFO perfrun.perfcollector <> - event: 75: UNC_M2M_IMC_READS.TO_PMM
114 [136593811703488] INFO perfrun.perfcollector <> - cccr: addr: 228, value: 400837
114 [136593811703488] INFO perfrun.perfcollector <> - data: addr: 200, value: 0
114 [136593811703488] INFO perfrun.perfcollector <> - pmu config: uncore_m2m_1
114 [136593811703488] INFO perfrun.perfcollector <> - config: edge: 0
114 [136593811703488] INFO perfrun.perfcollector <> - config: event: 37
114 [136593811703488] INFO perfrun.perfcollector <> - config: inv: 0
114 [136593811703488] INFO perfrun.perfcollector <> - config: thresh: 0
114 [136593811703488] INFO perfrun.perfcollector <> - config: umask: 8
114 [136593811703488] INFO perfrun.perfcollector <> - format: uncore_m2m_1/event=0x37,umask=0x8,name='UNC_M2M_IMC_READS.TO_PMM[UNIT1]'/
114 [136593811703488] INFO perfrun.perfcollector <> - event: 76: UNC_M2M_IMC_WRITES.TO_PMM
114 [136593811703488] INFO perfrun.perfcollector <> - cccr: addr: 230, value: 402038
114 [136593811703488] INFO perfrun.perfcollector <> - data: addr: 208, value: 0
114 [136593811703488] INFO perfrun.perfcollector <> - pmu config: uncore_m2m_0
114 [136593811703488] INFO perfrun.perfcollector <> - config: edge: 0
114 [136593811703488] INFO perfrun.perfcollector <> - config: event: 38
114 [136593811703488] INFO perfrun.perfcollector <> - config: inv: 0
114 [136593811703488] INFO perfrun.perfcollector <> - config: thresh: 0
114 [136593811703488] INFO perfrun.perfcollector <> - config: umask: 20
114 [136593811703488] INFO perfrun.perfcollector <> - format: uncore_m2m_0/event=0x38,umask=0x20,name='UNC_M2M_IMC_WRITES.TO_PMM[UNIT0]'/
114 [136593811703488] INFO perfrun.perfcollector <> - event: 76: UNC_M2M_IMC_WRITES.TO_PMM
114 [136593811703488] INFO perfrun.perfcollector <> - cccr: addr: 230, value: 402038
114 [136593811703488] INFO perfrun.perfcollector <> - data: addr: 208, value: 0
114 [136593811703488] INFO perfrun.perfcollector <> - pmu config: uncore_m2m_1
114 [136593811703488] INFO perfrun.perfcollector <> - config: edge: 0
114 [136593811703488] INFO perfrun.perfcollector <> - config: event: 38
114 [136593811703488] INFO perfrun.perfcollector <> - config: inv: 0
114 [136593811703488] INFO perfrun.perfcollector <> - config: thresh: 0
114 [136593811703488] INFO perfrun.perfcollector <> - config: umask: 20
114 [136593811703488] INFO perfrun.perfcollector <> - format: uncore_m2m_1/event=0x38,umask=0x20,name='UNC_M2M_IMC_WRITES.TO_PMM[UNIT1]'/
114 [136593811703488] INFO perfrun.perfcollector <> - event: 77: UNC_M2M_TAG_HIT.NM_RD_HIT_CLEAN
114 [136593811703488] INFO perfrun.perfcollector <> - cccr: addr: 238, value: 40012c
114 [136593811703488] INFO perfrun.perfcollector <> - data: addr: 210, value: 0
114 [136593811703488] INFO perfrun.perfcollector <> - pmu config: uncore_m2m_0
114 [136593811703488] INFO perfrun.perfcollector <> - config: edge: 0
114 [136593811703488] INFO perfrun.perfcollector <> - config: event: 2c
114 [136593811703488] INFO perfrun.perfcollector <> - config: inv: 0
114 [136593811703488] INFO perfrun.perfcollector <> - config: thresh: 0
114 [136593811703488] INFO perfrun.perfcollector <> - config: umask: 1
114 [136593811703488] INFO perfrun.perfcollector <> - format: uncore_m2m_0/event=0x2c,umask=0x1,name='UNC_M2M_TAG_HIT.NM_RD_HIT_CLEAN[UNIT0]'/
114 [136593811703488] INFO perfrun.perfcollector <> - event: 77: UNC_M2M_TAG_HIT.NM_RD_HIT_CLEAN
114 [136593811703488] INFO perfrun.perfcollector <> - cccr: addr: 238, value: 40012c
114 [136593811703488] INFO perfrun.perfcollector <> - data: addr: 210, value: 0
114 [136593811703488] INFO perfrun.perfcollector <> - pmu config: uncore_m2m_1
114 [136593811703488] INFO perfrun.perfcollector <> - config: edge: 0
114 [136593811703488] INFO perfrun.perfcollector <> - config: event: 2c
114 [136593811703488] INFO perfrun.perfcollector <> - config: inv: 0
114 [136593811703488] INFO perfrun.perfcollector <> - config: thresh: 0
114 [136593811703488] INFO perfrun.perfcollector <> - config: umask: 1
114 [136593811703488] INFO perfrun.perfcollector <> - format: uncore_m2m_1/event=0x2c,umask=0x1,name='UNC_M2M_TAG_HIT.NM_RD_HIT_CLEAN[UNIT1]'/
114 [136593811703488] INFO perfrun.perfcollector <> - event: 78: UNC_M2M_TAG_HIT.NM_RD_HIT_DIRTY
114 [136593811703488] INFO perfrun.perfcollector <> - cccr: addr: 240, value: 40022c
114 [136593811703488] INFO perfrun.perfcollector <> - data: addr: 218, value: 0
114 [136593811703488] INFO perfrun.perfcollector <> - pmu config: uncore_m2m_0
114 [136593811703488] INFO perfrun.perfcollector <> - config: edge: 0
114 [136593811703488] INFO perfrun.perfcollector <> - config: event: 2c
114 [136593811703488] INFO perfrun.perfcollector <> - config: inv: 0
114 [136593811703488] INFO perfrun.perfcollector <> - config: thresh: 0
114 [136593811703488] INFO perfrun.perfcollector <> - config: umask: 2
114 [136593811703488] INFO perfrun.perfcollector <> - format: uncore_m2m_0/event=0x2c,umask=0x2,name='UNC_M2M_TAG_HIT.NM_RD_HIT_DIRTY[UNIT0]'/
114 [136593811703488] INFO perfrun.perfcollector <> - event: 78: UNC_M2M_TAG_HIT.NM_RD_HIT_DIRTY
114 [136593811703488] INFO perfrun.perfcollector <> - cccr: addr: 240, value: 40022c
114 [136593811703488] INFO perfrun.perfcollector <> - data: addr: 218, value: 0
114 [136593811703488] INFO perfrun.perfcollector <> - pmu config: uncore_m2m_1
114 [136593811703488] INFO perfrun.perfcollector <> - config: edge: 0
114 [136593811703488] INFO perfrun.perfcollector <> - config: event: 2c
114 [136593811703488] INFO perfrun.perfcollector <> - config: inv: 0
114 [136593811703488] INFO perfrun.perfcollector <> - config: thresh: 0
114 [136593811703488] INFO perfrun.perfcollector <> - config: umask: 2
114 [136593811703488] INFO perfrun.perfcollector <> - format: uncore_m2m_1/event=0x2c,umask=0x2,name='UNC_M2M_TAG_HIT.NM_RD_HIT_DIRTY[UNIT1]'/
114 [136593811703488] INFO perfrun.perfcollector <> - event: cpu/event=0x3c,name='CPU_CLK_UNHALTED.THREAD'/Duk, added for counting
114 [136593811703488] INFO perfrun.perfcollector <> - event: cpu/umask=0x3,name='CPU_CLK_UNHALTED.REF_TSC'/Duk, added for counting
114 [136593811703488] INFO perfrun.perfcollector <> - event: cpu/event=0xc0,name='INST_RETIRED.ANY'/Duk, added for counting
114 [136593811703488] INFO perfrun.perfcollector <> - event: cpu/event=0x3c,umask=0x1,name='CPU_CLK_UNHALTED.REF_XCLK'/uk, added for counting
114 [136593811703488] INFO perfrun.perfcollector <> - event: cpu/event=0x3c,umask=0x2,name='CPU_CLK_UNHALTED.ONE_THREAD_ACTIVE'/uk, added for counting
114 [136593811703488] INFO perfrun.perfcollector <> - event: cpu/event=0xc2,umask=0x2,name='UOPS_RETIRED.RETIRE_SLOTS'/uk, added for counting
114 [136593811703488] INFO perfrun.perfcollector <> - event: cpu/event=0xc7,umask=0x2,name='FP_ARITH_INST_RETIRED.SCALAR_SINGLE'/uk, added for counting
114 [136593811703488] INFO perfrun.perfcollector <> - event: cpu/event=0xc7,umask=0x8,name='FP_ARITH_INST_RETIRED.128B_PACKED_SINGLE'/uk, added for counting
114 [136593811703488] INFO perfrun.perfcollector <> - event: cpu/event=0xc7,umask=0x20,name='FP_ARITH_INST_RETIRED.256B_PACKED_SINGLE'/uk, added for counting
114 [136593811703488] INFO perfrun.perfcollector <> - event: cpu/event=0xc7,umask=0x1,name='FP_ARITH_INST_RETIRED.SCALAR_DOUBLE'/uk, added for counting
114 [136593811703488] INFO perfrun.perfcollector <> - event: cpu/event=0xc7,umask=0x4,name='FP_ARITH_INST_RETIRED.128B_PACKED_DOUBLE'/uk, added for counting
114 [136593811703488] INFO perfrun.perfcollector <> - event: cpu/event=0xc7,umask=0x10,name='FP_ARITH_INST_RETIRED.256B_PACKED_DOUBLE'/uk, added for counting
114 [136593811703488] INFO perfrun.perfcollector <> - event: cpu/event=0xb1,umask=0x10,name='UOPS_EXECUTED.X87'/uk, added for counting
114 [136593811703488] INFO perfrun.perfcollector <> - event: cpu/event=0xb1,umask=0x1,name='UOPS_EXECUTED.THREAD'/uk, added for counting
114 [136593811703488] INFO perfrun.perfcollector <> - event: cpu/event=0xc7,umask=0x40,name='FP_ARITH_INST_RETIRED.512B_PACKED_DOUBLE'/uk, added for counting
114 [136593811703488] INFO perfrun.perfcollector <> - event: cpu/event=0xc7,umask=0x80,name='FP_ARITH_INST_RETIRED.512B_PACKED_SINGLE'/uk, added for counting
114 [136593811703488] INFO perfrun.perfcollector <> - event: cpu/event=0x3c,name='CPU_CLK_UNHALTED.THREAD_P'/uk, added for counting
114 [136593811703488] INFO perfrun.perfcollector <> - event: cpu/cmask=0x14,event=0xa3,umask=0x14,name='CYCLE_ACTIVITY.STALLS_MEM_ANY'/uk, added for counting
114 [136593811703488] INFO perfrun.perfcollector <> - event: cpu/cmask=0x4,event=0xa3,umask=0x4,name='CYCLE_ACTIVITY.STALLS_TOTAL'/uk, added for counting
114 [136593811703488] INFO perfrun.perfcollector <> - event: cpu/event=0xa6,umask=0x2,name='EXE_ACTIVITY.1_PORTS_UTIL'/uk, added for counting
114 [136593811703488] INFO perfrun.perfcollector <> - event: cpu/event=0xa6,umask=0x4,name='EXE_ACTIVITY.2_PORTS_UTIL'/uk, added for counting
114 [136593811703488] INFO perfrun.perfcollector <> - event: cpu/event=0xa6,umask=0x40,name='EXE_ACTIVITY.BOUND_ON_STORES'/uk, added for counting
114 [136593811703488] INFO perfrun.perfcollector <> - event: cpu/event=0xc6,frontend=0x400406,umask=0x1,name='FRONTEND_RETIRED.LATENCY_GE_4_PS'/uk, added for counting
114 [136593811703488] INFO perfrun.perfcollector <> - event: cpu/event=0x9c,umask=0x1,name='IDQ_UOPS_NOT_DELIVERED.CORE'/uk, added for counting
114 [136593811703488] INFO perfrun.perfcollector <> - event: cpu/event=0xd,umask=0x1,name='INT_MISC.RECOVERY_CYCLES'/uk, added for counting
114 [136593811703488] INFO perfrun.perfcollector <> - event: cpu/event=0xe,umask=0x1,name='UOPS_ISSUED.ANY'/uk, added for counting
114 [136593811703488] INFO perfrun.perfcollector <> - event: cpu/cmask=0xc,event=0xa3,umask=0xc,name='CYCLE_ACTIVITY.STALLS_L1D_MISS'/uk, added for counting
114 [136593811703488] INFO perfrun.perfcollector <> - event: cpu/cmask=0x5,event=0xa3,umask=0x5,name='CYCLE_ACTIVITY.STALLS_L2_MISS'/uk, added for counting
114 [136593811703488] INFO perfrun.perfcollector <> - event: cpu/cmask=0x6,event=0xa3,umask=0x6,name='CYCLE_ACTIVITY.STALLS_L3_MISS'/uk, added for counting
114 [136593811703488] INFO perfrun.perfcollector <> - event: cpu/event=0xa6,umask=0x1,name='EXE_ACTIVITY.EXE_BOUND_0_PORTS'/uk, added for counting
114 [136593811703488] INFO perfrun.perfcollector <> - event: cpu/event=0xd1,umask=0x20,name='MEM_LOAD_RETIRED.L3_MISS_PS'/uk, added for counting
114 [136593811703488] INFO perfrun.perfcollector <> - event: cpu/cmask=0x1,event=0x48,umask=0x2,name='L1D_PEND_MISS.FB_FULL:cmask=1'/uk, added for counting
114 [136593811703488] INFO perfrun.perfcollector <> - event: cpu/event=0x48,umask=0x1,name='L1D_PEND_MISS.PENDING'/uk, added for counting
114 [136593811703488] INFO perfrun.perfcollector <> - event: cpu/event=0xd2,umask=0x4,name='MEM_LOAD_L3_HIT_RETIRED.XSNP_HITM_PS'/uk, added for counting
114 [136593811703488] INFO perfrun.perfcollector <> - event: cpu/event=0xd2,umask=0x2,name='MEM_LOAD_L3_HIT_RETIRED.XSNP_HIT_PS'/uk, added for counting
114 [136593811703488] INFO perfrun.perfcollector <> - event: cpu/event=0xd2,umask=0x1,name='MEM_LOAD_L3_HIT_RETIRED.XSNP_MISS_PS'/uk, added for counting
114 [136593811703488] INFO perfrun.perfcollector <> - event: cpu/event=0xd1,umask=0x40,name='MEM_LOAD_RETIRED.FB_HIT_PS'/uk, added for counting
114 [136593811703488] INFO perfrun.perfcollector <> - event: cpu/event=0xd1,umask=0x8,name='MEM_LOAD_RETIRED.L1_MISS_PS'/uk, added for counting
114 [136593811703488] INFO perfrun.perfcollector <> - event: cpu/event=0xd1,umask=0x2,name='MEM_LOAD_RETIRED.L2_HIT_PS'/uk, added for counting
114 [136593811703488] INFO perfrun.perfcollector <> - event: cpu/event=0xd1,umask=0x4,name='MEM_LOAD_RETIRED.L3_HIT_PS'/uk, added for counting
114 [136593811703488] INFO perfrun.perfcollector <> - event: cpu/cmask=0x4,event=0x60,umask=0x8,name='OFFCORE_REQUESTS_OUTSTANDING.ALL_DATA_RD:cmask=4'/uk, added for counting
114 [136593811703488] INFO perfrun.perfcollector <> - event: cpu/cmask=0x1,event=0x60,umask=0x8,name='OFFCORE_REQUESTS_OUTSTANDING.CYCLES_WITH_DATA_RD'/uk, added for counting
114 [136593811703488] INFO perfrun.perfcollector <> - event: cpu/event=0xd0,umask=0x81,name='MEM_INST_RETIRED.ALL_LOADS_PS'/uk, added for counting
114 [136593811703488] INFO perfrun.perfcollector <> - event: cpu/event=0xd0,umask=0x82,name='MEM_INST_RETIRED.ALL_STORES_PS'/uk, added for counting
114 [136593811703488] INFO perfrun.perfcollector <> - event: cpu/event=0xd3,umask=0x1,name='MEM_LOAD_L3_MISS_RETIRED.LOCAL_DRAM_PS'/uk, added for counting
114 [136593811703488] INFO perfrun.perfcollector <> - event: cpu/event=0xd3,umask=0x2,name='MEM_LOAD_L3_MISS_RETIRED.REMOTE_DRAM_PS'/uk, added for counting
114 [136593811703488] INFO perfrun.perfcollector <> - event: cpu/event=0xd3,umask=0x4,name='MEM_LOAD_L3_MISS_RETIRED.REMOTE_HITM_PS'/uk, added for counting
114 [136593811703488] INFO perfrun.perfcollector <> - event: cpu/event=0xd3,umask=0x8,name='MEM_LOAD_L3_MISS_RETIRED.REMOTE_FWD'/uk, added for counting
114 [136593811703488] INFO perfrun.perfcollector <> - event: cpu/event=0xd1,umask=0x80,name='MEM_LOAD_RETIRED.LOCAL_PMM_PS'/uk, added for counting
114 [136593811703488] INFO perfrun.perfcollector <> - event: cpu/event=0xd3,umask=0x10,name='MEM_LOAD_L3_MISS_RETIRED.REMOTE_PMM_PS'/uk, added for counting
114 [136593811703488] INFO perfrun.perfcollector <> - event: cpu/event=0xb7,offcore_rsp=0x3f840007f7,umask=0x1,name='OCR.ALL_READS.L3_MISS_LOCAL_DRAM.ANY_SNOOP'/uk, added for counting
114 [136593811703488] INFO perfrun.perfcollector <> - event: cpu/event=0xb7,offcore_rsp=0x3f900007f7,umask=0x1,name='OCR.ALL_READS.L3_MISS_REMOTE_HOP1_DRAM.ANY_SNOOP'/uk, added for counting
114 [136593811703488] INFO perfrun.perfcollector <> - event: cpu/cmask=0x8,event=0xa3,umask=0x8,name='CYCLE_ACTIVITY.CYCLES_L1D_MISS'/uk, added for counting
114 [136593811703488] INFO perfrun.perfcollector <> - event: cpu/cmask=0x10,event=0xa3,umask=0x10,name='CYCLE_ACTIVITY.CYCLES_MEM_ANY'/uk, added for counting
114 [136593811703488] INFO perfrun.perfcollector <> - event: cpu/cmask=0x1,event=0x8,umask=0x20,name='DTLB_LOAD_MISSES.STLB_HIT:cmask=1'/uk, added for counting
114 [136593811703488] INFO perfrun.perfcollector <> - event: cpu/cmask=0x1,event=0x8,umask=0x10,name='DTLB_LOAD_MISSES.WALK_ACTIVE'/uk, added for counting
114 [136593811703488] INFO perfrun.perfcollector <> - event: cpu/cmask=0x1,event=0x49,umask=0x20,name='DTLB_STORE_MISSES.STLB_HIT:cmask=1'/uk, added for counting
114 [136593811703488] INFO perfrun.perfcollector <> - event: cpu/cmask=0x1,event=0x49,umask=0x10,name='DTLB_STORE_MISSES.WALK_ACTIVE'/uk, added for counting
114 [136593811703488] INFO perfrun.perfcollector <> - event: cpu/event=0x24,umask=0xe2,name='L2_RQSTS.ALL_RFO'/uk, added for counting
114 [136593811703488] INFO perfrun.perfcollector <> - event: cpu/event=0x24,umask=0xc2,name='L2_RQSTS.RFO_HIT'/uk, added for counting
114 [136593811703488] INFO perfrun.perfcollector <> - event: cpu/event=0x3,umask=0x8,name='LD_BLOCKS.NO_SR'/uk, added for counting
114 [136593811703488] INFO perfrun.perfcollector <> - event: cpu/event=0x3,umask=0x2,name='LD_BLOCKS.STORE_FORWARD'/uk, added for counting
114 [136593811703488] INFO perfrun.perfcollector <> - event: cpu/event=0x7,umask=0x1,name='LD_BLOCKS_PARTIAL.ADDRESS_ALIAS'/uk, added for counting
114 [136593811703488] INFO perfrun.perfcollector <> - event: cpu/event=0xd0,umask=0x21,name='MEM_INST_RETIRED.LOCK_LOADS_PS'/uk, added for counting
114 [136593811703488] INFO perfrun.perfcollector <> - event: cpu/event=0xd0,umask=0x41,name='MEM_INST_RETIRED.SPLIT_LOADS_PS'/uk, added for counting
114 [136593811703488] INFO perfrun.perfcollector <> - event: cpu/event=0xd0,umask=0x42,name='MEM_INST_RETIRED.SPLIT_STORES_PS'/uk, added for counting
114 [136593811703488] INFO perfrun.perfcollector <> - event: cpu/event=0xd0,umask=0x11,name='MEM_INST_RETIRED.STLB_MISS_LOADS_PS'/uk, added for counting
114 [136593811703488] INFO perfrun.perfcollector <> - event: cpu/event=0xd0,umask=0x12,name='MEM_INST_RETIRED.STLB_MISS_STORES_PS'/uk, added for counting
114 [136593811703488] INFO perfrun.perfcollector <> - event: cpu/event=0xd1,umask=0x1,name='MEM_LOAD_RETIRED.L1_HIT_PS'/uk, added for counting
114 [136593811703488] INFO perfrun.perfcollector <> - event: cpu/event=0xb2,umask=0x1,name='OFFCORE_REQUESTS_BUFFER.SQ_FULL'/uk, added for counting
114 [136593811703488] INFO perfrun.perfcollector <> - event: cpu/cmask=0x1,event=0x60,umask=0x4,name='OFFCORE_REQUESTS_OUTSTANDING.CYCLES_WITH_DEMAND_RFO'/uk, added for counting
114 [136593811703488] INFO perfrun.perfcollector <> - event: uncore_imc_0/event=0x4,umask=0x3,name='UNC_M_CAS_COUNT.RD[UNIT0]'/, added for counting
114 [136593811703488] INFO perfrun.perfcollector <> - event: uncore_imc_1/event=0x4,umask=0x3,name='UNC_M_CAS_COUNT.RD[UNIT1]'/, added for counting
114 [136593811703488] INFO perfrun.perfcollector <> - event: uncore_imc_2/event=0x4,umask=0x3,name='UNC_M_CAS_COUNT.RD[UNIT2]'/, added for counting
114 [136593811703488] INFO perfrun.perfcollector <> - event: uncore_imc_3/event=0x4,umask=0x3,name='UNC_M_CAS_COUNT.RD[UNIT3]'/, added for counting
114 [136593811703488] INFO perfrun.perfcollector <> - event: uncore_imc_4/event=0x4,umask=0x3,name='UNC_M_CAS_COUNT.RD[UNIT4]'/, added for counting
114 [136593811703488] INFO perfrun.perfcollector <> - event: uncore_imc_5/event=0x4,umask=0x3,name='UNC_M_CAS_COUNT.RD[UNIT5]'/, added for counting
114 [136593811703488] INFO perfrun.perfcollector <> - event: uncore_imc_0/event=0x4,umask=0xc,name='UNC_M_CAS_COUNT.WR[UNIT0]'/, added for counting
114 [136593811703488] INFO perfrun.perfcollector <> - event: uncore_imc_1/event=0x4,umask=0xc,name='UNC_M_CAS_COUNT.WR[UNIT1]'/, added for counting
114 [136593811703488] INFO perfrun.perfcollector <> - event: uncore_imc_2/event=0x4,umask=0xc,name='UNC_M_CAS_COUNT.WR[UNIT2]'/, added for counting
114 [136593811703488] INFO perfrun.perfcollector <> - event: uncore_imc_3/event=0x4,umask=0xc,name='UNC_M_CAS_COUNT.WR[UNIT3]'/, added for counting
114 [136593811703488] INFO perfrun.perfcollector <> - event: uncore_imc_4/event=0x4,umask=0xc,name='UNC_M_CAS_COUNT.WR[UNIT4]'/, added for counting
114 [136593811703488] INFO perfrun.perfcollector <> - event: uncore_imc_5/event=0x4,umask=0xc,name='UNC_M_CAS_COUNT.WR[UNIT5]'/, added for counting
114 [136593811703488] INFO perfrun.perfcollector <> - event: uncore_imc_0/event=0xd3,umask=0x2,name='UNC_M_TAGCHK.MISS_CLEAN[UNIT0]'/, added for counting
114 [136593811703488] INFO perfrun.perfcollector <> - event: uncore_imc_1/event=0xd3,umask=0x2,name='UNC_M_TAGCHK.MISS_CLEAN[UNIT1]'/, added for counting
114 [136593811703488] INFO perfrun.perfcollector <> - event: uncore_imc_2/event=0xd3,umask=0x2,name='UNC_M_TAGCHK.MISS_CLEAN[UNIT2]'/, added for counting
114 [136593811703488] INFO perfrun.perfcollector <> - event: uncore_imc_3/event=0xd3,umask=0x2,name='UNC_M_TAGCHK.MISS_CLEAN[UNIT3]'/, added for counting
114 [136593811703488] INFO perfrun.perfcollector <> - event: uncore_imc_4/event=0xd3,umask=0x2,name='UNC_M_TAGCHK.MISS_CLEAN[UNIT4]'/, added for counting
114 [136593811703488] INFO perfrun.perfcollector <> - event: uncore_imc_5/event=0xd3,umask=0x2,name='UNC_M_TAGCHK.MISS_CLEAN[UNIT5]'/, added for counting
114 [136593811703488] INFO perfrun.perfcollector <> - event: uncore_imc_0/event=0xd3,umask=0x4,name='UNC_M_TAGCHK.MISS_DIRTY[UNIT0]'/, added for counting
114 [136593811703488] INFO perfrun.perfcollector <> - event: uncore_imc_1/event=0xd3,umask=0x4,name='UNC_M_TAGCHK.MISS_DIRTY[UNIT1]'/, added for counting
114 [136593811703488] INFO perfrun.perfcollector <> - event: uncore_imc_2/event=0xd3,umask=0x4,name='UNC_M_TAGCHK.MISS_DIRTY[UNIT2]'/, added for counting
114 [136593811703488] INFO perfrun.perfcollector <> - event: uncore_imc_3/event=0xd3,umask=0x4,name='UNC_M_TAGCHK.MISS_DIRTY[UNIT3]'/, added for counting
114 [136593811703488] INFO perfrun.perfcollector <> - event: uncore_imc_4/event=0xd3,umask=0x4,name='UNC_M_TAGCHK.MISS_DIRTY[UNIT4]'/, added for counting
114 [136593811703488] INFO perfrun.perfcollector <> - event: uncore_imc_5/event=0xd3,umask=0x4,name='UNC_M_TAGCHK.MISS_DIRTY[UNIT5]'/, added for counting
114 [136593811703488] INFO perfrun.perfcollector <> - event: uncore_m2m_0/event=0x37,umask=0x8,name='UNC_M2M_IMC_READS.TO_PMM[UNIT0]'/, added for counting
114 [136593811703488] INFO perfrun.perfcollector <> - event: uncore_m2m_1/event=0x37,umask=0x8,name='UNC_M2M_IMC_READS.TO_PMM[UNIT1]'/, added for counting
114 [136593811703488] INFO perfrun.perfcollector <> - event: uncore_m2m_0/event=0x38,umask=0x20,name='UNC_M2M_IMC_WRITES.TO_PMM[UNIT0]'/, added for counting
114 [136593811703488] INFO perfrun.perfcollector <> - event: uncore_m2m_1/event=0x38,umask=0x20,name='UNC_M2M_IMC_WRITES.TO_PMM[UNIT1]'/, added for counting
114 [136593811703488] INFO perfrun.perfcollector <> - event: uncore_m2m_0/event=0x2c,umask=0x1,name='UNC_M2M_TAG_HIT.NM_RD_HIT_CLEAN[UNIT0]'/, added for counting
114 [136593811703488] INFO perfrun.perfcollector <> - event: uncore_m2m_1/event=0x2c,umask=0x1,name='UNC_M2M_TAG_HIT.NM_RD_HIT_CLEAN[UNIT1]'/, added for counting
114 [136593811703488] INFO perfrun.perfcollector <> - event: uncore_m2m_0/event=0x2c,umask=0x2,name='UNC_M2M_TAG_HIT.NM_RD_HIT_DIRTY[UNIT0]'/, added for counting
114 [136593811703488] INFO perfrun.perfcollector <> - event: uncore_m2m_1/event=0x2c,umask=0x2,name='UNC_M2M_TAG_HIT.NM_RD_HIT_DIRTY[UNIT1]'/, added for counting
114 [136593811703488] INFO perfrun.perfcollector <> - attaching to pid: 4294967295, m_mode: 10, mode: 3
114 [136593801217728] INFO perfrun.perfcollector <> - Perf stat trace pipe capacity: read = 1048576, write = 1048576
115 [136593715234496] INFO perfrun.sdk <> - Reading value (0-47) from file: /sys/devices/system/cpu/cpu0/topology/core_siblings_list
115 [136593715234496] INFO perfrun.sdk <> - Reading value (0,24) from file: /sys/devices/system/cpu/cpu0/topology/thread_siblings_list
115 [136593715234496] INFO perfrun.sdk <> - Reading value (0-47) from file: /sys/devices/system/cpu/cpu1/topology/core_siblings_list
115 [136593715234496] INFO perfrun.sdk <> - Reading value (1,25) from file: /sys/devices/system/cpu/cpu1/topology/thread_siblings_list
115 [136593715234496] INFO perfrun.sdk <> - Reading value (0-47) from file: /sys/devices/system/cpu/cpu2/topology/core_siblings_list
115 [136593715234496] INFO perfrun.sdk <> - Reading value (2,26) from file: /sys/devices/system/cpu/cpu2/topology/thread_siblings_list
115 [136593715234496] INFO perfrun.sdk <> - Reading value (0-47) from file: /sys/devices/system/cpu/cpu3/topology/core_siblings_list
115 [136593715234496] INFO perfrun.sdk <> - Reading value (3,27) from file: /sys/devices/system/cpu/cpu3/topology/thread_siblings_list
115 [136593715234496] INFO perfrun.sdk <> - Reading value (0-47) from file: /sys/devices/system/cpu/cpu4/topology/core_siblings_list
115 [136593715234496] INFO perfrun.sdk <> - Reading value (4,28) from file: /sys/devices/system/cpu/cpu4/topology/thread_siblings_list
115 [136593715234496] INFO perfrun.sdk <> - Reading value (0-47) from file: /sys/devices/system/cpu/cpu5/topology/core_siblings_list
115 [136593715234496] INFO perfrun.sdk <> - Reading value (5,29) from file: /sys/devices/system/cpu/cpu5/topology/thread_siblings_list
115 [136593715234496] INFO perfrun.sdk <> - Reading value (0-47) from file: /sys/devices/system/cpu/cpu6/topology/core_siblings_list
115 [136593715234496] INFO perfrun.sdk <> - Reading value (6,30) from file: /sys/devices/system/cpu/cpu6/topology/thread_siblings_list
115 [136593715234496] INFO perfrun.sdk <> - Reading value (0-47) from file: /sys/devices/system/cpu/cpu7/topology/core_siblings_list
115 [136593715234496] INFO perfrun.sdk <> - Reading value (7,31) from file: /sys/devices/system/cpu/cpu7/topology/thread_siblings_list
115 [136593715234496] INFO perfrun.sdk <> - Reading value (0-47) from file: /sys/devices/system/cpu/cpu8/topology/core_siblings_list
115 [136593715234496] INFO perfrun.sdk <> - Reading value (8,32) from file: /sys/devices/system/cpu/cpu8/topology/thread_siblings_list
115 [136593715234496] INFO perfrun.sdk <> - Reading value (0-47) from file: /sys/devices/system/cpu/cpu9/topology/core_siblings_list
115 [136593715234496] INFO perfrun.sdk <> - Reading value (9,33) from file: /sys/devices/system/cpu/cpu9/topology/thread_siblings_list
115 [136593715234496] INFO perfrun.sdk <> - Reading value (0-47) from file: /sys/devices/system/cpu/cpu10/topology/core_siblings_list
115 [136593715234496] INFO perfrun.sdk <> - Reading value (10,34) from file: /sys/devices/system/cpu/cpu10/topology/thread_siblings_list
115 [136593715234496] INFO perfrun.sdk <> - Reading value (0-47) from file: /sys/devices/system/cpu/cpu11/topology/core_siblings_list
115 [136593715234496] INFO perfrun.sdk <> - Reading value (11,35) from file: /sys/devices/system/cpu/cpu11/topology/thread_siblings_list
115 [136593715234496] INFO perfrun.sdk <> - Reading value (0-47) from file: /sys/devices/system/cpu/cpu12/topology/core_siblings_list
115 [136593715234496] INFO perfrun.sdk <> - Reading value (12,36) from file: /sys/devices/system/cpu/cpu12/topology/thread_siblings_list
115 [136593715234496] INFO perfrun.sdk <> - Reading value (0-47) from file: /sys/devices/system/cpu/cpu13/topology/core_siblings_list
115 [136593715234496] INFO perfrun.sdk <> - Reading value (13,37) from file: /sys/devices/system/cpu/cpu13/topology/thread_siblings_list
115 [136593715234496] INFO perfrun.sdk <> - Reading value (0-47) from file: /sys/devices/system/cpu/cpu14/topology/core_siblings_list
115 [136593715234496] INFO perfrun.sdk <> - Reading value (14,38) from file: /sys/devices/system/cpu/cpu14/topology/thread_siblings_list
115 [136593715234496] INFO perfrun.sdk <> - Reading value (0-47) from file: /sys/devices/system/cpu/cpu15/topology/core_siblings_list
115 [136593715234496] INFO perfrun.sdk <> - Reading value (15,39) from file: /sys/devices/system/cpu/cpu15/topology/thread_siblings_list
115 [136593715234496] INFO perfrun.sdk <> - Reading value (0-47) from file: /sys/devices/system/cpu/cpu16/topology/core_siblings_list
115 [136593715234496] INFO perfrun.sdk <> - Reading value (16,40) from file: /sys/devices/system/cpu/cpu16/topology/thread_siblings_list
115 [136593715234496] INFO perfrun.sdk <> - Reading value (0-47) from file: /sys/devices/system/cpu/cpu17/topology/core_siblings_list
115 [136593715234496] INFO perfrun.sdk <> - Reading value (17,41) from file: /sys/devices/system/cpu/cpu17/topology/thread_siblings_list
115 [136593715234496] INFO perfrun.sdk <> - Reading value (0-47) from file: /sys/devices/system/cpu/cpu18/topology/core_siblings_list
115 [136593715234496] INFO perfrun.sdk <> - Reading value (18,42) from file: /sys/devices/system/cpu/cpu18/topology/thread_siblings_list
115 [136593715234496] INFO perfrun.sdk <> - Reading value (0-47) from file: /sys/devices/system/cpu/cpu19/topology/core_siblings_list
115 [136593715234496] INFO perfrun.sdk <> - Reading value (19,43) from file: /sys/devices/system/cpu/cpu19/topology/thread_siblings_list
115 [136593715234496] INFO perfrun.sdk <> - Reading value (0-47) from file: /sys/devices/system/cpu/cpu20/topology/core_siblings_list
115 [136593715234496] INFO perfrun.sdk <> - Reading value (20,44) from file: /sys/devices/system/cpu/cpu20/topology/thread_siblings_list
115 [136593715234496] INFO perfrun.sdk <> - Reading value (0-47) from file: /sys/devices/system/cpu/cpu21/topology/core_siblings_list
115 [136593715234496] INFO perfrun.sdk <> - Reading value (21,45) from file: /sys/devices/system/cpu/cpu21/topology/thread_siblings_list
115 [136593715234496] INFO perfrun.sdk <> - Reading value (0-47) from file: /sys/devices/system/cpu/cpu22/topology/core_siblings_list
115 [136593715234496] INFO perfrun.sdk <> - Reading value (22,46) from file: /sys/devices/system/cpu/cpu22/topology/thread_siblings_list
115 [136593715234496] INFO perfrun.sdk <> - Reading value (0-47) from file: /sys/devices/system/cpu/cpu23/topology/core_siblings_list
115 [136593715234496] INFO perfrun.sdk <> - Reading value (23,47) from file: /sys/devices/system/cpu/cpu23/topology/thread_siblings_list
115 [136593715234496] INFO perfrun.sdk <> - Reading value (0-47) from file: /sys/devices/system/cpu/cpu24/topology/core_siblings_list
115 [136593715234496] INFO perfrun.sdk <> - Reading value (0,24) from file: /sys/devices/system/cpu/cpu24/topology/thread_siblings_list
115 [136593715234496] INFO perfrun.sdk <> - Reading value (0-47) from file: /sys/devices/system/cpu/cpu25/topology/core_siblings_list
115 [136593715234496] INFO perfrun.sdk <> - Reading value (1,25) from file: /sys/devices/system/cpu/cpu25/topology/thread_siblings_list
115 [136593715234496] INFO perfrun.sdk <> - Reading value (0-47) from file: /sys/devices/system/cpu/cpu26/topology/core_siblings_list
115 [136593715234496] INFO perfrun.sdk <> - Reading value (2,26) from file: /sys/devices/system/cpu/cpu26/topology/thread_siblings_list
115 [136593715234496] INFO perfrun.sdk <> - Reading value (0-47) from file: /sys/devices/system/cpu/cpu27/topology/core_siblings_list
115 [136593715234496] INFO perfrun.sdk <> - Reading value (3,27) from file: /sys/devices/system/cpu/cpu27/topology/thread_siblings_list
115 [136593715234496] INFO perfrun.sdk <> - Reading value (0-47) from file: /sys/devices/system/cpu/cpu28/topology/core_siblings_list
115 [136593715234496] INFO perfrun.sdk <> - Reading value (4,28) from file: /sys/devices/system/cpu/cpu28/topology/thread_siblings_list
115 [136593715234496] INFO perfrun.sdk <> - Reading value (0-47) from file: /sys/devices/system/cpu/cpu29/topology/core_siblings_list
116 [136593715234496] INFO perfrun.sdk <> - Reading value (5,29) from file: /sys/devices/system/cpu/cpu29/topology/thread_siblings_list
116 [136593715234496] INFO perfrun.sdk <> - Reading value (0-47) from file: /sys/devices/system/cpu/cpu30/topology/core_siblings_list
116 [136593715234496] INFO perfrun.sdk <> - Reading value (6,30) from file: /sys/devices/system/cpu/cpu30/topology/thread_siblings_list
116 [136593715234496] INFO perfrun.sdk <> - Reading value (0-47) from file: /sys/devices/system/cpu/cpu31/topology/core_siblings_list
116 [136593715234496] INFO perfrun.sdk <> - Reading value (7,31) from file: /sys/devices/system/cpu/cpu31/topology/thread_siblings_list
116 [136593715234496] INFO perfrun.sdk <> - Reading value (0-47) from file: /sys/devices/system/cpu/cpu32/topology/core_siblings_list
116 [136593715234496] INFO perfrun.sdk <> - Reading value (8,32) from file: /sys/devices/system/cpu/cpu32/topology/thread_siblings_list
116 [136593715234496] INFO perfrun.sdk <> - Reading value (0-47) from file: /sys/devices/system/cpu/cpu33/topology/core_siblings_list
116 [136593715234496] INFO perfrun.sdk <> - Reading value (9,33) from file: /sys/devices/system/cpu/cpu33/topology/thread_siblings_list
116 [136593715234496] INFO perfrun.sdk <> - Reading value (0-47) from file: /sys/devices/system/cpu/cpu34/topology/core_siblings_list
116 [136593715234496] INFO perfrun.sdk <> - Reading value (10,34) from file: /sys/devices/system/cpu/cpu34/topology/thread_siblings_list
116 [136593715234496] INFO perfrun.sdk <> - Reading value (0-47) from file: /sys/devices/system/cpu/cpu35/topology/core_siblings_list
116 [136593715234496] INFO perfrun.sdk <> - Reading value (11,35) from file: /sys/devices/system/cpu/cpu35/topology/thread_siblings_list
116 [136593715234496] INFO perfrun.sdk <> - Reading value (0-47) from file: /sys/devices/system/cpu/cpu36/topology/core_siblings_list
116 [136593715234496] INFO perfrun.sdk <> - Reading value (12,36) from file: /sys/devices/system/cpu/cpu36/topology/thread_siblings_list
116 [136593715234496] INFO perfrun.sdk <> - Reading value (0-47) from file: /sys/devices/system/cpu/cpu37/topology/core_siblings_list
116 [136593715234496] INFO perfrun.sdk <> - Reading value (13,37) from file: /sys/devices/system/cpu/cpu37/topology/thread_siblings_list
116 [136593715234496] INFO perfrun.sdk <> - Reading value (0-47) from file: /sys/devices/system/cpu/cpu38/topology/core_siblings_list
116 [136593715234496] INFO perfrun.sdk <> - Reading value (14,38) from file: /sys/devices/system/cpu/cpu38/topology/thread_siblings_list
116 [136593715234496] INFO perfrun.sdk <> - Reading value (0-47) from file: /sys/devices/system/cpu/cpu39/topology/core_siblings_list
116 [136593715234496] INFO perfrun.sdk <> - Reading value (15,39) from file: /sys/devices/system/cpu/cpu39/topology/thread_siblings_list
116 [136593715234496] INFO perfrun.sdk <> - Reading value (0-47) from file: /sys/devices/system/cpu/cpu40/topology/core_siblings_list
116 [136593715234496] INFO perfrun.sdk <> - Reading value (16,40) from file: /sys/devices/system/cpu/cpu40/topology/thread_siblings_list
116 [136593715234496] INFO perfrun.sdk <> - Reading value (0-47) from file: /sys/devices/system/cpu/cpu41/topology/core_siblings_list
116 [136593715234496] INFO perfrun.sdk <> - Reading value (17,41) from file: /sys/devices/system/cpu/cpu41/topology/thread_siblings_list
116 [136593715234496] INFO perfrun.sdk <> - Reading value (0-47) from file: /sys/devices/system/cpu/cpu42/topology/core_siblings_list
116 [136593715234496] INFO perfrun.sdk <> - Reading value (18,42) from file: /sys/devices/system/cpu/cpu42/topology/thread_siblings_list
116 [136593715234496] INFO perfrun.sdk <> - Reading value (0-47) from file: /sys/devices/system/cpu/cpu43/topology/core_siblings_list
116 [136593715234496] INFO perfrun.sdk <> - Reading value (19,43) from file: /sys/devices/system/cpu/cpu43/topology/thread_siblings_list
116 [136593715234496] INFO perfrun.sdk <> - Reading value (0-47) from file: /sys/devices/system/cpu/cpu44/topology/core_siblings_list
116 [136593715234496] INFO perfrun.sdk <> - Reading value (20,44) from file: /sys/devices/system/cpu/cpu44/topology/thread_siblings_list
116 [136593715234496] INFO perfrun.sdk <> - Reading value (0-47) from file: /sys/devices/system/cpu/cpu45/topology/core_siblings_list
116 [136593715234496] INFO perfrun.sdk <> - Reading value (21,45) from file: /sys/devices/system/cpu/cpu45/topology/thread_siblings_list
116 [136593715234496] INFO perfrun.sdk <> - Reading value (0-47) from file: /sys/devices/system/cpu/cpu46/topology/core_siblings_list
116 [136593715234496] INFO perfrun.sdk <> - Reading value (22,46) from file: /sys/devices/system/cpu/cpu46/topology/thread_siblings_list
116 [136593715234496] INFO perfrun.sdk <> - Reading value (0-47) from file: /sys/devices/system/cpu/cpu47/topology/core_siblings_list
116 [136593715234496] INFO perfrun.sdk <> - Reading value (23,47) from file: /sys/devices/system/cpu/cpu47/topology/thread_siblings_list
116 [136593715234496] ERROR perfrun.sdk <> - boost::filesystem::exists(filename) 'gh2::error::IsNot.Valid.File(filename):/sys/bus/event_source/devices/cpu_core/cpus'
_sdks/release_posix-x86_64_icx_2023.0.0_gnutools_9.2_binutils_2.28/perfrun_1.33.15/include/perfrun1/sdk/utils.hpp(767): gh2::error_code_t runtool::sdk::loadFileValue(RetType &, const cpil2::uchar_t *) [RetType = std::basic_string<char>]
, at file: _sdks/release_posix-x86_64_icx_2023.0.0_gnutools_9.2_binutils_2.28/perfrun_1.33.15/include/perfrun1/sdk/utils.hpp:767
116 [136593715234496] ERROR perfrun.sdk <> - boost::filesystem::exists(filename) 'gh2::error::IsNot.Valid.File(filename):/sys/bus/event_source/devices/cpu_atom/cpus'
_sdks/release_posix-x86_64_icx_2023.0.0_gnutools_9.2_binutils_2.28/perfrun_1.33.15/include/perfrun1/sdk/utils.hpp(767): gh2::error_code_t runtool::sdk::loadFileValue(RetType &, const cpil2::uchar_t *) [RetType = std::basic_string<char>]
, at file: _sdks/release_posix-x86_64_icx_2023.0.0_gnutools_9.2_binutils_2.28/perfrun_1.33.15/include/perfrun1/sdk/utils.hpp:767
116 [136593801217728] INFO perfrun.sdk <> - runCmd: /opt/intel/oneapi/vtune/2025.0/bin64/amplxe-perf stat -v --log-fd 11 --scale -x ; -e cpu/event=0x3c,name='CPU_CLK_UNHALTED.THREAD'/Duk,cpu/umask=0x3,name='CPU_CLK_UNHALTED.REF_TSC'/Duk,cpu/event=0xc0,name='INST_RETIRED.ANY'/Duk,cpu/event=0x3c,umask=0x1,name='CPU_CLK_UNHALTED.REF_XCLK'/uk,cpu/event=0x3c,umask=0x2,name='CPU_CLK_UNHALTED.ONE_THREAD_ACTIVE'/uk,cpu/event=0xc2,umask=0x2,name='UOPS_RETIRED.RETIRE_SLOTS'/uk,cpu/event=0xc7,umask=0x2,name='FP_ARITH_INST_RETIRED.SCALAR_SINGLE'/uk,cpu/event=0xc7,umask=0x8,name='FP_ARITH_INST_RETIRED.128B_PACKED_SINGLE'/uk,cpu/event=0xc7,umask=0x20,name='FP_ARITH_INST_RETIRED.256B_PACKED_SINGLE'/uk,cpu/event=0xc7,umask=0x1,name='FP_ARITH_INST_RETIRED.SCALAR_DOUBLE'/uk,cpu/event=0xc7,umask=0x4,name='FP_ARITH_INST_RETIRED.128B_PACKED_DOUBLE'/uk,cpu/event=0xc7,umask=0x10,name='FP_ARITH_INST_RETIRED.256B_PACKED_DOUBLE'/uk,cpu/event=0xb1,umask=0x10,name='UOPS_EXECUTED.X87'/uk,cpu/event=0xb1,umask=0x1,name='UOPS_EXECUTED.THREAD'/uk,cpu/event=0xc7,umask=0x40,name='FP_ARITH_INST_RETIRED.512B_PACKED_DOUBLE'/uk,cpu/event=0xc7,umask=0x80,name='FP_ARITH_INST_RETIRED.512B_PACKED_SINGLE'/uk,cpu/event=0x3c,name='CPU_CLK_UNHALTED.THREAD_P'/uk,cpu/cmask=0x14,event=0xa3,umask=0x14,name='CYCLE_ACTIVITY.STALLS_MEM_ANY'/uk,cpu/cmask=0x4,event=0xa3,umask=0x4,name='CYCLE_ACTIVITY.STALLS_TOTAL'/uk,cpu/event=0xa6,umask=0x2,name='EXE_ACTIVITY.1_PORTS_UTIL'/uk,cpu/event=0xa6,umask=0x4,name='EXE_ACTIVITY.2_PORTS_UTIL'/uk,cpu/event=0xa6,umask=0x40,name='EXE_ACTIVITY.BOUND_ON_STORES'/uk,cpu/event=0xc6,frontend=0x400406,umask=0x1,name='FRONTEND_RETIRED.LATENCY_GE_4_PS'/uk,cpu/event=0x9c,umask=0x1,name='IDQ_UOPS_NOT_DELIVERED.CORE'/uk,cpu/event=0xd,umask=0x1,name='INT_MISC.RECOVERY_CYCLES'/uk,cpu/event=0xe,umask=0x1,name='UOPS_ISSUED.ANY'/uk,cpu/cmask=0xc,event=0xa3,umask=0xc,name='CYCLE_ACTIVITY.STALLS_L1D_MISS'/uk,cpu/cmask=0x5,event=0xa3,umask=0x5,name='CYCLE_ACTIVITY.STALLS_L2_MISS'/uk,cpu/cmask=0x6,event=0xa3,umask=0x6,name='CYCLE_ACTIVITY.STALLS_L3_MISS'/uk,cpu/event=0xa6,umask=0x1,name='EXE_ACTIVITY.EXE_BOUND_0_PORTS'/uk,cpu/event=0xd1,umask=0x20,name='MEM_LOAD_RETIRED.L3_MISS_PS'/uk,cpu/cmask=0x1,event=0x48,umask=0x2,name='L1D_PEND_MISS.FB_FULL:cmask=1'/uk,cpu/event=0x48,umask=0x1,name='L1D_PEND_MISS.PENDING'/uk,cpu/event=0xd2,umask=0x4,name='MEM_LOAD_L3_HIT_RETIRED.XSNP_HITM_PS'/uk,cpu/event=0xd2,umask=0x2,name='MEM_LOAD_L3_HIT_RETIRED.XSNP_HIT_PS'/uk,cpu/event=0xd2,umask=0x1,name='MEM_LOAD_L3_HIT_RETIRED.XSNP_MISS_PS'/uk,cpu/event=0xd1,umask=0x40,name='MEM_LOAD_RETIRED.FB_HIT_PS'/uk,cpu/event=0xd1,umask=0x8,name='MEM_LOAD_RETIRED.L1_MISS_PS'/uk,cpu/event=0xd1,umask=0x2,name='MEM_LOAD_RETIRED.L2_HIT_PS'/uk,cpu/event=0xd1,umask=0x4,name='MEM_LOAD_RETIRED.L3_HIT_PS'/uk,cpu/cmask=0x4,event=0x60,umask=0x8,name='OFFCORE_REQUESTS_OUTSTANDING.ALL_DATA_RD:cmask=4'/uk,cpu/cmask=0x1,event=0x60,umask=0x8,name='OFFCORE_REQUESTS_OUTSTANDING.CYCLES_WITH_DATA_RD'/uk,cpu/event=0xd0,umask=0x81,name='MEM_INST_RETIRED.ALL_LOADS_PS'/uk,cpu/event=0xd0,umask=0x82,name='MEM_INST_RETIRED.ALL_STORES_PS'/uk,cpu/event=0xd3,umask=0x1,name='MEM_LOAD_L3_MISS_RETIRED.LOCAL_DRAM_PS'/uk,cpu/event=0xd3,umask=0x2,name='MEM_LOAD_L3_MISS_RETIRED.REMOTE_DRAM_PS'/uk,cpu/event=0xd3,umask=0x4,name='MEM_LOAD_L3_MISS_RETIRED.REMOTE_HITM_PS'/uk,cpu/event=0xd3,umask=0x8,name='MEM_LOAD_L3_MISS_RETIRED.REMOTE_FWD'/uk,cpu/event=0xd1,umask=0x80,name='MEM_LOAD_RETIRED.LOCAL_PMM_PS'/uk,cpu/event=0xd3,umask=0x10,name='MEM_LOAD_L3_MISS_RETIRED.REMOTE_PMM_PS'/uk,cpu/event=0xb7,offcore_rsp=0x3f840007f7,umask=0x1,name='OCR.ALL_READS.L3_MISS_LOCAL_DRAM.ANY_SNOOP'/uk,cpu/event=0xb7,offcore_rsp=0x3f900007f7,umask=0x1,name='OCR.ALL_READS.L3_MISS_REMOTE_HOP1_DRAM.ANY_SNOOP'/uk,cpu/cmask=0x8,event=0xa3,umask=0x8,name='CYCLE_ACTIVITY.CYCLES_L1D_MISS'/uk,cpu/cmask=0x10,event=0xa3,umask=0x10,name='CYCLE_ACTIVITY.CYCLES_MEM_ANY'/uk,cpu/cmask=0x1,event=0x8,umask=0x20,name='DTLB_LOAD_MISSES.STLB_HIT:cmask=1'/uk,cpu/cmask=0x1,event=0x8,umask=0x10,name='DTLB_LOAD_MISSES.WALK_ACTIVE'/uk,cpu/cmask=0x1,event=0x49,umask=0x20,name='DTLB_STORE_MISSES.STLB_HIT:cmask=1'/uk,cpu/cmask=0x1,event=0x49,umask=0x10,name='DTLB_STORE_MISSES.WALK_ACTIVE'/uk,cpu/event=0x24,umask=0xe2,name='L2_RQSTS.ALL_RFO'/uk,cpu/event=0x24,umask=0xc2,name='L2_RQSTS.RFO_HIT'/uk,cpu/event=0x3,umask=0x8,name='LD_BLOCKS.NO_SR'/uk,cpu/event=0x3,umask=0x2,name='LD_BLOCKS.STORE_FORWARD'/uk,cpu/event=0x7,umask=0x1,name='LD_BLOCKS_PARTIAL.ADDRESS_ALIAS'/uk,cpu/event=0xd0,umask=0x21,name='MEM_INST_RETIRED.LOCK_LOADS_PS'/uk,cpu/event=0xd0,umask=0x41,name='MEM_INST_RETIRED.SPLIT_LOADS_PS'/uk,cpu/event=0xd0,umask=0x42,name='MEM_INST_RETIRED.SPLIT_STORES_PS'/uk,cpu/event=0xd0,umask=0x11,name='MEM_INST_RETIRED.STLB_MISS_LOADS_PS'/uk,cpu/event=0xd0,umask=0x12,name='MEM_INST_RETIRED.STLB_MISS_STORES_PS'/uk,cpu/event=0xd1,umask=0x1,name='MEM_LOAD_RETIRED.L1_HIT_PS'/uk,cpu/event=0xb2,umask=0x1,name='OFFCORE_REQUESTS_BUFFER.SQ_FULL'/uk,cpu/cmask=0x1,event=0x60,umask=0x4,name='OFFCORE_REQUESTS_OUTSTANDING.CYCLES_WITH_DEMAND_RFO'/uk,uncore_imc_0/event=0x4,umask=0x3,name='UNC_M_CAS_COUNT.RD[UNIT0]'/,uncore_imc_1/event=0x4,umask=0x3,name='UNC_M_CAS_COUNT.RD[UNIT1]'/,uncore_imc_2/event=0x4,umask=0x3,name='UNC_M_CAS_COUNT.RD[UNIT2]'/,uncore_imc_3/event=0x4,umask=0x3,name='UNC_M_CAS_COUNT.RD[UNIT3]'/,uncore_imc_4/event=0x4,umask=0x3,name='UNC_M_CAS_COUNT.RD[UNIT4]'/,uncore_imc_5/event=0x4,umask=0x3,name='UNC_M_CAS_COUNT.RD[UNIT5]'/,uncore_imc_0/event=0x4,umask=0xc,name='UNC_M_CAS_COUNT.WR[UNIT0]'/,uncore_imc_1/event=0x4,umask=0xc,name='UNC_M_CAS_COUNT.WR[UNIT1]'/,uncore_imc_2/event=0x4,umask=0xc,name='UNC_M_CAS_COUNT.WR[UNIT2]'/,uncore_imc_3/event=0x4,umask=0xc,name='UNC_M_CAS_COUNT.WR[UNIT3]'/,uncore_imc_4/event=0x4,umask=0xc,name='UNC_M_CAS_COUNT.WR[UNIT4]'/,uncore_imc_5/event=0x4,umask=0xc,name='UNC_M_CAS_COUNT.WR[UNIT5]'/,uncore_imc_0/event=0xd3,umask=0x2,name='UNC_M_TAGCHK.MISS_CLEAN[UNIT0]'/,uncore_imc_1/event=0xd3,umask=0x2,name='UNC_M_TAGCHK.MISS_CLEAN[UNIT1]'/,uncore_imc_2/event=0xd3,umask=0x2,name='UNC_M_TAGCHK.MISS_CLEAN[UNIT2]'/,uncore_imc_3/event=0xd3,umask=0x2,name='UNC_M_TAGCHK.MISS_CLEAN[UNIT3]'/,uncore_imc_4/event=0xd3,umask=0x2,name='UNC_M_TAGCHK.MISS_CLEAN[UNIT4]'/,uncore_imc_5/event=0xd3,umask=0x2,name='UNC_M_TAGCHK.MISS_CLEAN[UNIT5]'/,uncore_imc_0/event=0xd3,umask=0x4,name='UNC_M_TAGCHK.MISS_DIRTY[UNIT0]'/,uncore_imc_1/event=0xd3,umask=0x4,name='UNC_M_TAGCHK.MISS_DIRTY[UNIT1]'/,uncore_imc_2/event=0xd3,umask=0x4,name='UNC_M_TAGCHK.MISS_DIRTY[UNIT2]'/,uncore_imc_3/event=0xd3,umask=0x4,name='UNC_M_TAGCHK.MISS_DIRTY[UNIT3]'/,uncore_imc_4/event=0xd3,umask=0x4,name='UNC_M_TAGCHK.MISS_DIRTY[UNIT4]'/,uncore_imc_5/event=0xd3,umask=0x4,name='UNC_M_TAGCHK.MISS_DIRTY[UNIT5]'/,uncore_m2m_0/event=0x37,umask=0x8,name='UNC_M2M_IMC_READS.TO_PMM[UNIT0]'/,uncore_m2m_1/event=0x37,umask=0x8,name='UNC_M2M_IMC_READS.TO_PMM[UNIT1]'/,uncore_m2m_0/event=0x38,umask=0x20,name='UNC_M2M_IMC_WRITES.TO_PMM[UNIT0]'/,uncore_m2m_1/event=0x38,umask=0x20,name='UNC_M2M_IMC_WRITES.TO_PMM[UNIT1]'/,uncore_m2m_0/event=0x2c,umask=0x1,name='UNC_M2M_TAG_HIT.NM_RD_HIT_CLEAN[UNIT0]'/,uncore_m2m_1/event=0x2c,umask=0x1,name='UNC_M2M_TAG_HIT.NM_RD_HIT_CLEAN[UNIT1]'/,uncore_m2m_0/event=0x2c,umask=0x2,name='UNC_M2M_TAG_HIT.NM_RD_HIT_DIRTY[UNIT0]'/,uncore_m2m_1/event=0x2c,umask=0x2,name='UNC_M2M_TAG_HIT.NM_RD_HIT_DIRTY[UNIT1]'/ /opt/intel/oneapi/vtune/2025.0/bin64/amplxe-perf-sync dryrun tsc
117 [136593801217728] INFO perfrun.sdk <> - runCmd started PID 1090819
583 [136593801217728] INFO perfrun.perfcollector <> - Monitor: runCmd RC = true
583 [136593811703488] INFO perfrun.launcher <> - plugin [aoclprofile] was disabled because it doesn't support the given collection type.
583 [136593811703488] INFO perfrun.tpss <> - initialize tpss controller
583 [136593811703488] INFO perfrun.launcher <> - plugin [tpss] was disabled because it doesn't support the given collection type.
583 [136593811703488] INFO perfrun.launcher <> - plugin [media] was disabled because it doesn't support the given collection type.
583 [136593811703488] INFO perfrun.launcher <> - plugin [] was disabled because it doesn't support the given collection type.
583 [136593811703488] INFO perfrun.launcher <> - plugin [] was disabled because it doesn't support the given collection type.
583 [136593811703488] INFO perfrun.launcher <> - plugin [parallelfs] was disabled because it doesn't support the given collection type.
583 [136593811703488] INFO perfrun.launcher <> - plugin [power] was disabled because it doesn't support the given collection type.
583 [136593811703488] INFO perfrun.launcher <> - plugin [] was disabled because it doesn't support the given collection type.
583 [136593811703488] INFO perfrun.launcher <> - plugin [ipmwatch] was disabled because it doesn't support the given collection type.
583 [136593811703488] INFO perfrun.launcher <> - plugin [os_counters] was disabled because it doesn't support the given collection type.
583 [136593811703488] INFO perfrun.launcher <> - plugin [l0_metrics] was disabled because it doesn't support the given collection type.
583 [136594039798720] INFO perfrun.launcher <> - set environment variable: INTEL_MRTE_DATA_DIR = /home/fmahling/hdp-profiling-session/cmake-build-info-release/r000ps/data.0
583 [136594039798720] INFO perfrun.launcher <> - set environment variable: INTEL_MRTE_HOST_NAME = des-node03
583 [136594039798720] INFO perfrun.launcher <> - set environment variable: JAVA_TOOL_OPTIONS = -agentlib:amplxe_samplingmrte_javaprof_1.0 -Dsun.boot.library.path=/opt/intel/oneapi/vtune/2025.0/lib32/runtime:/opt/intel/oneapi/vtune/2025.0/lib64/runtime
583 [136594039798720] INFO perfrun.launcher <> - set environment variable: LD_LIBRARY_PATH = /opt/intel/oneapi/vtune/2025.0/lib32/runtime:/opt/intel/oneapi/vtune/2025.0/lib64/runtime
583 [136594039798720] INFO perfrun.launcher <> - set environment variable: CORECLR_ENABLE_PROFILING = 1
583 [136594039798720] INFO perfrun.launcher <> - set environment variable: CORECLR_PROFILER = {AA5E4821-E3B1-479c-B7FF-5AD047D22CED}
583 [136594039798720] INFO perfrun.launcher <> - set environment variable: CORECLR_PROFILER_PATH = /opt/intel/oneapi/vtune/2025.0/lib64/libamplxe_samplingmrte_clrprof_1.0.so
583 [136594039798720] INFO perfrun.launcher <> - set environment variable: INTEL_MRTE_PROFILER_MODE = mixed
583 [136594039798720] INFO perfrun.launcher <> - RpcServer: run RPC server to handle requests
583 [136594039798720] INFO perfrun.launcher <> - Launcher: command line to start before modification = ./dictionary_scan
583 [136594039798720] INFO perfrun.launcher <> - Launcher: command line to start after modification = ./dictionary_scan
583 [136594039798720] INFO perfrun.launcher <> - ProcessCreator object was created
584 [136594039798720] INFO perfrun.launcher <> - Launcher: the process was started in suspend mode
584 [136593811703488] INFO perfrun.launcher <> - Messenger::say: Peak bandwidth measurement started.
7300 [136593811703488] INFO perfrun.launcher <> - Messenger::say: Peak bandwidth measurement finished.
7304 [136593811703488] WARN perfrun.system <> - Could not do anything with /sys/kernel/debug/kvm: boost::filesystem::status: Permission denied [system:13]: "/sys/kernel/debug/kvm", at file: vcs/perfrun1/plugins/system/src/trace_writer.cpp:787
7304 [136593811703488] WARN perfrun.system <> - Folder "/var/run/libvirt/qemu/"doesn't exist, at file: vcs/perfrun1/plugins/system/src/trace_writer.cpp:800
7304 [136593811703488] INFO perfrun.perfcollector <> - attaching to pid: 1090822, m_mode: 10, mode: 11
7304 [136586631055040] INFO perfrun.perfcollector <> - Perf stat trace pipe capacity: read = 1048576, write = 1048576
7305 [136593801217728] INFO perfrun.sdk <> - Reading value (0-47) from file: /sys/devices/system/cpu/cpu0/topology/core_siblings_list
7305 [136593801217728] INFO perfrun.sdk <> - Reading value (0,24) from file: /sys/devices/system/cpu/cpu0/topology/thread_siblings_list
7305 [136593801217728] INFO perfrun.sdk <> - Reading value (0-47) from file: /sys/devices/system/cpu/cpu1/topology/core_siblings_list
7305 [136593801217728] INFO perfrun.sdk <> - Reading value (1,25) from file: /sys/devices/system/cpu/cpu1/topology/thread_siblings_list
7305 [136593801217728] INFO perfrun.sdk <> - Reading value (0-47) from file: /sys/devices/system/cpu/cpu2/topology/core_siblings_list
7305 [136593801217728] INFO perfrun.sdk <> - Reading value (2,26) from file: /sys/devices/system/cpu/cpu2/topology/thread_siblings_list
7305 [136593801217728] INFO perfrun.sdk <> - Reading value (0-47) from file: /sys/devices/system/cpu/cpu3/topology/core_siblings_list
7305 [136593801217728] INFO perfrun.sdk <> - Reading value (3,27) from file: /sys/devices/system/cpu/cpu3/topology/thread_siblings_list
7305 [136593801217728] INFO perfrun.sdk <> - Reading value (0-47) from file: /sys/devices/system/cpu/cpu4/topology/core_siblings_list
7305 [136593801217728] INFO perfrun.sdk <> - Reading value (4,28) from file: /sys/devices/system/cpu/cpu4/topology/thread_siblings_list
7305 [136593801217728] INFO perfrun.sdk <> - Reading value (0-47) from file: /sys/devices/system/cpu/cpu5/topology/core_siblings_list
7305 [136593801217728] INFO perfrun.sdk <> - Reading value (5,29) from file: /sys/devices/system/cpu/cpu5/topology/thread_siblings_list
7305 [136593801217728] INFO perfrun.sdk <> - Reading value (0-47) from file: /sys/devices/system/cpu/cpu6/topology/core_siblings_list
7305 [136593801217728] INFO perfrun.sdk <> - Reading value (6,30) from file: /sys/devices/system/cpu/cpu6/topology/thread_siblings_list
7305 [136593801217728] INFO perfrun.sdk <> - Reading value (0-47) from file: /sys/devices/system/cpu/cpu7/topology/core_siblings_list
7305 [136593801217728] INFO perfrun.sdk <> - Reading value (7,31) from file: /sys/devices/system/cpu/cpu7/topology/thread_siblings_list
7305 [136593801217728] INFO perfrun.sdk <> - Reading value (0-47) from file: /sys/devices/system/cpu/cpu8/topology/core_siblings_list
7305 [136593801217728] INFO perfrun.sdk <> - Reading value (8,32) from file: /sys/devices/system/cpu/cpu8/topology/thread_siblings_list
7305 [136593801217728] INFO perfrun.sdk <> - Reading value (0-47) from file: /sys/devices/system/cpu/cpu9/topology/core_siblings_list
7305 [136593801217728] INFO perfrun.sdk <> - Reading value (9,33) from file: /sys/devices/system/cpu/cpu9/topology/thread_siblings_list
7305 [136593801217728] INFO perfrun.sdk <> - Reading value (0-47) from file: /sys/devices/system/cpu/cpu10/topology/core_siblings_list
7305 [136593801217728] INFO perfrun.sdk <> - Reading value (10,34) from file: /sys/devices/system/cpu/cpu10/topology/thread_siblings_list
7305 [136593801217728] INFO perfrun.sdk <> - Reading value (0-47) from file: /sys/devices/system/cpu/cpu11/topology/core_siblings_list
7305 [136593801217728] INFO perfrun.sdk <> - Reading value (11,35) from file: /sys/devices/system/cpu/cpu11/topology/thread_siblings_list
7305 [136593801217728] INFO perfrun.sdk <> - Reading value (0-47) from file: /sys/devices/system/cpu/cpu12/topology/core_siblings_list
7305 [136593801217728] INFO perfrun.sdk <> - Reading value (12,36) from file: /sys/devices/system/cpu/cpu12/topology/thread_siblings_list
7305 [136593801217728] INFO perfrun.sdk <> - Reading value (0-47) from file: /sys/devices/system/cpu/cpu13/topology/core_siblings_list
7305 [136593801217728] INFO perfrun.sdk <> - Reading value (13,37) from file: /sys/devices/system/cpu/cpu13/topology/thread_siblings_list
7305 [136593801217728] INFO perfrun.sdk <> - Reading value (0-47) from file: /sys/devices/system/cpu/cpu14/topology/core_siblings_list
7305 [136593801217728] INFO perfrun.sdk <> - Reading value (14,38) from file: /sys/devices/system/cpu/cpu14/topology/thread_siblings_list
7305 [136593801217728] INFO perfrun.sdk <> - Reading value (0-47) from file: /sys/devices/system/cpu/cpu15/topology/core_siblings_list
7305 [136593801217728] INFO perfrun.sdk <> - Reading value (15,39) from file: /sys/devices/system/cpu/cpu15/topology/thread_siblings_list
7305 [136593801217728] INFO perfrun.sdk <> - Reading value (0-47) from file: /sys/devices/system/cpu/cpu16/topology/core_siblings_list
7305 [136593801217728] INFO perfrun.sdk <> - Reading value (16,40) from file: /sys/devices/system/cpu/cpu16/topology/thread_siblings_list
7305 [136593801217728] INFO perfrun.sdk <> - Reading value (0-47) from file: /sys/devices/system/cpu/cpu17/topology/core_siblings_list
7305 [136593801217728] INFO perfrun.sdk <> - Reading value (17,41) from file: /sys/devices/system/cpu/cpu17/topology/thread_siblings_list
7305 [136593801217728] INFO perfrun.sdk <> - Reading value (0-47) from file: /sys/devices/system/cpu/cpu18/topology/core_siblings_list
7305 [136593801217728] INFO perfrun.sdk <> - Reading value (18,42) from file: /sys/devices/system/cpu/cpu18/topology/thread_siblings_list
7305 [136593801217728] INFO perfrun.sdk <> - Reading value (0-47) from file: /sys/devices/system/cpu/cpu19/topology/core_siblings_list
7305 [136593801217728] INFO perfrun.sdk <> - Reading value (19,43) from file: /sys/devices/system/cpu/cpu19/topology/thread_siblings_list
7305 [136593801217728] INFO perfrun.sdk <> - Reading value (0-47) from file: /sys/devices/system/cpu/cpu20/topology/core_siblings_list
7305 [136593801217728] INFO perfrun.sdk <> - Reading value (20,44) from file: /sys/devices/system/cpu/cpu20/topology/thread_siblings_list
7305 [136593801217728] INFO perfrun.sdk <> - Reading value (0-47) from file: /sys/devices/system/cpu/cpu21/topology/core_siblings_list
7305 [136593801217728] INFO perfrun.sdk <> - Reading value (21,45) from file: /sys/devices/system/cpu/cpu21/topology/thread_siblings_list
7305 [136593801217728] INFO perfrun.sdk <> - Reading value (0-47) from file: /sys/devices/system/cpu/cpu22/topology/core_siblings_list
7305 [136593801217728] INFO perfrun.sdk <> - Reading value (22,46) from file: /sys/devices/system/cpu/cpu22/topology/thread_siblings_list
7305 [136593801217728] INFO perfrun.sdk <> - Reading value (0-47) from file: /sys/devices/system/cpu/cpu23/topology/core_siblings_list
7305 [136593801217728] INFO perfrun.sdk <> - Reading value (23,47) from file: /sys/devices/system/cpu/cpu23/topology/thread_siblings_list
7305 [136593801217728] INFO perfrun.sdk <> - Reading value (0-47) from file: /sys/devices/system/cpu/cpu24/topology/core_siblings_list
7305 [136593801217728] INFO perfrun.sdk <> - Reading value (0,24) from file: /sys/devices/system/cpu/cpu24/topology/thread_siblings_list
7305 [136593801217728] INFO perfrun.sdk <> - Reading value (0-47) from file: /sys/devices/system/cpu/cpu25/topology/core_siblings_list
7305 [136593801217728] INFO perfrun.sdk <> - Reading value (1,25) from file: /sys/devices/system/cpu/cpu25/topology/thread_siblings_list
7305 [136593801217728] INFO perfrun.sdk <> - Reading value (0-47) from file: /sys/devices/system/cpu/cpu26/topology/core_siblings_list
7305 [136593801217728] INFO perfrun.sdk <> - Reading value (2,26) from file: /sys/devices/system/cpu/cpu26/topology/thread_siblings_list
7305 [136593801217728] INFO perfrun.sdk <> - Reading value (0-47) from file: /sys/devices/system/cpu/cpu27/topology/core_siblings_list
7305 [136593801217728] INFO perfrun.sdk <> - Reading value (3,27) from file: /sys/devices/system/cpu/cpu27/topology/thread_siblings_list
7305 [136593801217728] INFO perfrun.sdk <> - Reading value (0-47) from file: /sys/devices/system/cpu/cpu28/topology/core_siblings_list
7305 [136593801217728] INFO perfrun.sdk <> - Reading value (4,28) from file: /sys/devices/system/cpu/cpu28/topology/thread_siblings_list
7305 [136593801217728] INFO perfrun.sdk <> - Reading value (0-47) from file: /sys/devices/system/cpu/cpu29/topology/core_siblings_list
7306 [136593801217728] INFO perfrun.sdk <> - Reading value (5,29) from file: /sys/devices/system/cpu/cpu29/topology/thread_siblings_list
7306 [136593801217728] INFO perfrun.sdk <> - Reading value (0-47) from file: /sys/devices/system/cpu/cpu30/topology/core_siblings_list
7306 [136593801217728] INFO perfrun.sdk <> - Reading value (6,30) from file: /sys/devices/system/cpu/cpu30/topology/thread_siblings_list
7306 [136593801217728] INFO perfrun.sdk <> - Reading value (0-47) from file: /sys/devices/system/cpu/cpu31/topology/core_siblings_list
7306 [136593801217728] INFO perfrun.sdk <> - Reading value (7,31) from file: /sys/devices/system/cpu/cpu31/topology/thread_siblings_list
7306 [136593801217728] INFO perfrun.sdk <> - Reading value (0-47) from file: /sys/devices/system/cpu/cpu32/topology/core_siblings_list
7306 [136593801217728] INFO perfrun.sdk <> - Reading value (8,32) from file: /sys/devices/system/cpu/cpu32/topology/thread_siblings_list
7306 [136593801217728] INFO perfrun.sdk <> - Reading value (0-47) from file: /sys/devices/system/cpu/cpu33/topology/core_siblings_list
7306 [136593801217728] INFO perfrun.sdk <> - Reading value (9,33) from file: /sys/devices/system/cpu/cpu33/topology/thread_siblings_list
7306 [136593801217728] INFO perfrun.sdk <> - Reading value (0-47) from file: /sys/devices/system/cpu/cpu34/topology/core_siblings_list
7306 [136593801217728] INFO perfrun.sdk <> - Reading value (10,34) from file: /sys/devices/system/cpu/cpu34/topology/thread_siblings_list
7306 [136593801217728] INFO perfrun.sdk <> - Reading value (0-47) from file: /sys/devices/system/cpu/cpu35/topology/core_siblings_list
7306 [136593801217728] INFO perfrun.sdk <> - Reading value (11,35) from file: /sys/devices/system/cpu/cpu35/topology/thread_siblings_list
7306 [136593801217728] INFO perfrun.sdk <> - Reading value (0-47) from file: /sys/devices/system/cpu/cpu36/topology/core_siblings_list
7306 [136593801217728] INFO perfrun.sdk <> - Reading value (12,36) from file: /sys/devices/system/cpu/cpu36/topology/thread_siblings_list
7306 [136593801217728] INFO perfrun.sdk <> - Reading value (0-47) from file: /sys/devices/system/cpu/cpu37/topology/core_siblings_list
7306 [136593801217728] INFO perfrun.sdk <> - Reading value (13,37) from file: /sys/devices/system/cpu/cpu37/topology/thread_siblings_list
7306 [136593801217728] INFO perfrun.sdk <> - Reading value (0-47) from file: /sys/devices/system/cpu/cpu38/topology/core_siblings_list
7306 [136593801217728] INFO perfrun.sdk <> - Reading value (14,38) from file: /sys/devices/system/cpu/cpu38/topology/thread_siblings_list
7306 [136593801217728] INFO perfrun.sdk <> - Reading value (0-47) from file: /sys/devices/system/cpu/cpu39/topology/core_siblings_list
7306 [136593801217728] INFO perfrun.sdk <> - Reading value (15,39) from file: /sys/devices/system/cpu/cpu39/topology/thread_siblings_list
7306 [136593801217728] INFO perfrun.sdk <> - Reading value (0-47) from file: /sys/devices/system/cpu/cpu40/topology/core_siblings_list
7306 [136593801217728] INFO perfrun.sdk <> - Reading value (16,40) from file: /sys/devices/system/cpu/cpu40/topology/thread_siblings_list
7306 [136593801217728] INFO perfrun.sdk <> - Reading value (0-47) from file: /sys/devices/system/cpu/cpu41/topology/core_siblings_list
7306 [136593801217728] INFO perfrun.sdk <> - Reading value (17,41) from file: /sys/devices/system/cpu/cpu41/topology/thread_siblings_list
7306 [136593801217728] INFO perfrun.sdk <> - Reading value (0-47) from file: /sys/devices/system/cpu/cpu42/topology/core_siblings_list
7306 [136593801217728] INFO perfrun.sdk <> - Reading value (18,42) from file: /sys/devices/system/cpu/cpu42/topology/thread_siblings_list
7306 [136593801217728] INFO perfrun.sdk <> - Reading value (0-47) from file: /sys/devices/system/cpu/cpu43/topology/core_siblings_list
7306 [136593801217728] INFO perfrun.sdk <> - Reading value (19,43) from file: /sys/devices/system/cpu/cpu43/topology/thread_siblings_list
7306 [136593801217728] INFO perfrun.sdk <> - Reading value (0-47) from file: /sys/devices/system/cpu/cpu44/topology/core_siblings_list
7306 [136593801217728] INFO perfrun.sdk <> - Reading value (20,44) from file: /sys/devices/system/cpu/cpu44/topology/thread_siblings_list
7306 [136593801217728] INFO perfrun.sdk <> - Reading value (0-47) from file: /sys/devices/system/cpu/cpu45/topology/core_siblings_list
7306 [136593801217728] INFO perfrun.sdk <> - Reading value (21,45) from file: /sys/devices/system/cpu/cpu45/topology/thread_siblings_list
7306 [136593801217728] INFO perfrun.sdk <> - Reading value (0-47) from file: /sys/devices/system/cpu/cpu46/topology/core_siblings_list
7306 [136593801217728] INFO perfrun.sdk <> - Reading value (22,46) from file: /sys/devices/system/cpu/cpu46/topology/thread_siblings_list
7306 [136593801217728] INFO perfrun.sdk <> - Reading value (0-47) from file: /sys/devices/system/cpu/cpu47/topology/core_siblings_list
7306 [136593801217728] INFO perfrun.sdk <> - Reading value (23,47) from file: /sys/devices/system/cpu/cpu47/topology/thread_siblings_list
7306 [136593801217728] ERROR perfrun.sdk <> - boost::filesystem::exists(filename) 'gh2::error::IsNot.Valid.File(filename):/sys/bus/event_source/devices/cpu_core/cpus'
_sdks/release_posix-x86_64_icx_2023.0.0_gnutools_9.2_binutils_2.28/perfrun_1.33.15/include/perfrun1/sdk/utils.hpp(767): gh2::error_code_t runtool::sdk::loadFileValue(RetType &, const cpil2::uchar_t *) [RetType = std::basic_string<char>]
, at file: _sdks/release_posix-x86_64_icx_2023.0.0_gnutools_9.2_binutils_2.28/perfrun_1.33.15/include/perfrun1/sdk/utils.hpp:767
7306 [136593801217728] ERROR perfrun.sdk <> - boost::filesystem::exists(filename) 'gh2::error::IsNot.Valid.File(filename):/sys/bus/event_source/devices/cpu_atom/cpus'
_sdks/release_posix-x86_64_icx_2023.0.0_gnutools_9.2_binutils_2.28/perfrun_1.33.15/include/perfrun1/sdk/utils.hpp(767): gh2::error_code_t runtool::sdk::loadFileValue(RetType &, const cpil2::uchar_t *) [RetType = std::basic_string<char>]
, at file: _sdks/release_posix-x86_64_icx_2023.0.0_gnutools_9.2_binutils_2.28/perfrun_1.33.15/include/perfrun1/sdk/utils.hpp:767
7306 [136586631055040] INFO perfrun.sdk <> - runCmd: /opt/intel/oneapi/vtune/2025.0/bin64/amplxe-perf stat -v --log-fd 20 --control=fd:21,24 --scale -x ; -p 1090822 -e cpu/event=0x3c,name='CPU_CLK_UNHALTED.THREAD'/Duk,cpu/umask=0x3,name='CPU_CLK_UNHALTED.REF_TSC'/Duk,cpu/event=0xc0,name='INST_RETIRED.ANY'/Duk,cpu/event=0x3c,umask=0x1,name='CPU_CLK_UNHALTED.REF_XCLK'/uk,cpu/event=0x3c,umask=0x2,name='CPU_CLK_UNHALTED.ONE_THREAD_ACTIVE'/uk,cpu/event=0xc2,umask=0x2,name='UOPS_RETIRED.RETIRE_SLOTS'/uk,cpu/event=0xc7,umask=0x2,name='FP_ARITH_INST_RETIRED.SCALAR_SINGLE'/uk,cpu/event=0xc7,umask=0x8,name='FP_ARITH_INST_RETIRED.128B_PACKED_SINGLE'/uk,cpu/event=0xc7,umask=0x20,name='FP_ARITH_INST_RETIRED.256B_PACKED_SINGLE'/uk,cpu/event=0xc7,umask=0x1,name='FP_ARITH_INST_RETIRED.SCALAR_DOUBLE'/uk,cpu/event=0xc7,umask=0x4,name='FP_ARITH_INST_RETIRED.128B_PACKED_DOUBLE'/uk,cpu/event=0xc7,umask=0x10,name='FP_ARITH_INST_RETIRED.256B_PACKED_DOUBLE'/uk,cpu/event=0xb1,umask=0x10,name='UOPS_EXECUTED.X87'/uk,cpu/event=0xb1,umask=0x1,name='UOPS_EXECUTED.THREAD'/uk,cpu/event=0xc7,umask=0x40,name='FP_ARITH_INST_RETIRED.512B_PACKED_DOUBLE'/uk,cpu/event=0xc7,umask=0x80,name='FP_ARITH_INST_RETIRED.512B_PACKED_SINGLE'/uk,cpu/event=0x3c,name='CPU_CLK_UNHALTED.THREAD_P'/uk,cpu/cmask=0x14,event=0xa3,umask=0x14,name='CYCLE_ACTIVITY.STALLS_MEM_ANY'/uk,cpu/cmask=0x4,event=0xa3,umask=0x4,name='CYCLE_ACTIVITY.STALLS_TOTAL'/uk,cpu/event=0xa6,umask=0x2,name='EXE_ACTIVITY.1_PORTS_UTIL'/uk,cpu/event=0xa6,umask=0x4,name='EXE_ACTIVITY.2_PORTS_UTIL'/uk,cpu/event=0xa6,umask=0x40,name='EXE_ACTIVITY.BOUND_ON_STORES'/uk,cpu/event=0xc6,frontend=0x400406,umask=0x1,name='FRONTEND_RETIRED.LATENCY_GE_4_PS'/uk,cpu/event=0x9c,umask=0x1,name='IDQ_UOPS_NOT_DELIVERED.CORE'/uk,cpu/event=0xd,umask=0x1,name='INT_MISC.RECOVERY_CYCLES'/uk,cpu/event=0xe,umask=0x1,name='UOPS_ISSUED.ANY'/uk,cpu/cmask=0xc,event=0xa3,umask=0xc,name='CYCLE_ACTIVITY.STALLS_L1D_MISS'/uk,cpu/cmask=0x5,event=0xa3,umask=0x5,name='CYCLE_ACTIVITY.STALLS_L2_MISS'/uk,cpu/cmask=0x6,event=0xa3,umask=0x6,name='CYCLE_ACTIVITY.STALLS_L3_MISS'/uk,cpu/event=0xa6,umask=0x1,name='EXE_ACTIVITY.EXE_BOUND_0_PORTS'/uk,cpu/event=0xd1,umask=0x20,name='MEM_LOAD_RETIRED.L3_MISS_PS'/uk,cpu/cmask=0x1,event=0x48,umask=0x2,name='L1D_PEND_MISS.FB_FULL:cmask=1'/uk,cpu/event=0x48,umask=0x1,name='L1D_PEND_MISS.PENDING'/uk,cpu/event=0xd2,umask=0x4,name='MEM_LOAD_L3_HIT_RETIRED.XSNP_HITM_PS'/uk,cpu/event=0xd2,umask=0x2,name='MEM_LOAD_L3_HIT_RETIRED.XSNP_HIT_PS'/uk,cpu/event=0xd2,umask=0x1,name='MEM_LOAD_L3_HIT_RETIRED.XSNP_MISS_PS'/uk,cpu/event=0xd1,umask=0x40,name='MEM_LOAD_RETIRED.FB_HIT_PS'/uk,cpu/event=0xd1,umask=0x8,name='MEM_LOAD_RETIRED.L1_MISS_PS'/uk,cpu/event=0xd1,umask=0x2,name='MEM_LOAD_RETIRED.L2_HIT_PS'/uk,cpu/event=0xd1,umask=0x4,name='MEM_LOAD_RETIRED.L3_HIT_PS'/uk,cpu/cmask=0x4,event=0x60,umask=0x8,name='OFFCORE_REQUESTS_OUTSTANDING.ALL_DATA_RD:cmask=4'/uk,cpu/cmask=0x1,event=0x60,umask=0x8,name='OFFCORE_REQUESTS_OUTSTANDING.CYCLES_WITH_DATA_RD'/uk,cpu/event=0xd0,umask=0x81,name='MEM_INST_RETIRED.ALL_LOADS_PS'/uk,cpu/event=0xd0,umask=0x82,name='MEM_INST_RETIRED.ALL_STORES_PS'/uk,cpu/event=0xd3,umask=0x1,name='MEM_LOAD_L3_MISS_RETIRED.LOCAL_DRAM_PS'/uk,cpu/event=0xd3,umask=0x2,name='MEM_LOAD_L3_MISS_RETIRED.REMOTE_DRAM_PS'/uk,cpu/event=0xd3,umask=0x4,name='MEM_LOAD_L3_MISS_RETIRED.REMOTE_HITM_PS'/uk,cpu/event=0xd3,umask=0x8,name='MEM_LOAD_L3_MISS_RETIRED.REMOTE_FWD'/uk,cpu/event=0xd1,umask=0x80,name='MEM_LOAD_RETIRED.LOCAL_PMM_PS'/uk,cpu/event=0xd3,umask=0x10,name='MEM_LOAD_L3_MISS_RETIRED.REMOTE_PMM_PS'/uk,cpu/event=0xb7,offcore_rsp=0x3f840007f7,umask=0x1,name='OCR.ALL_READS.L3_MISS_LOCAL_DRAM.ANY_SNOOP'/uk,cpu/event=0xb7,offcore_rsp=0x3f900007f7,umask=0x1,name='OCR.ALL_READS.L3_MISS_REMOTE_HOP1_DRAM.ANY_SNOOP'/uk,cpu/cmask=0x8,event=0xa3,umask=0x8,name='CYCLE_ACTIVITY.CYCLES_L1D_MISS'/uk,cpu/cmask=0x10,event=0xa3,umask=0x10,name='CYCLE_ACTIVITY.CYCLES_MEM_ANY'/uk,cpu/cmask=0x1,event=0x8,umask=0x20,name='DTLB_LOAD_MISSES.STLB_HIT:cmask=1'/uk,cpu/cmask=0x1,event=0x8,umask=0x10,name='DTLB_LOAD_MISSES.WALK_ACTIVE'/uk,cpu/cmask=0x1,event=0x49,umask=0x20,name='DTLB_STORE_MISSES.STLB_HIT:cmask=1'/uk,cpu/cmask=0x1,event=0x49,umask=0x10,name='DTLB_STORE_MISSES.WALK_ACTIVE'/uk,cpu/event=0x24,umask=0xe2,name='L2_RQSTS.ALL_RFO'/uk,cpu/event=0x24,umask=0xc2,name='L2_RQSTS.RFO_HIT'/uk,cpu/event=0x3,umask=0x8,name='LD_BLOCKS.NO_SR'/uk,cpu/event=0x3,umask=0x2,name='LD_BLOCKS.STORE_FORWARD'/uk,cpu/event=0x7,umask=0x1,name='LD_BLOCKS_PARTIAL.ADDRESS_ALIAS'/uk,cpu/event=0xd0,umask=0x21,name='MEM_INST_RETIRED.LOCK_LOADS_PS'/uk,cpu/event=0xd0,umask=0x41,name='MEM_INST_RETIRED.SPLIT_LOADS_PS'/uk,cpu/event=0xd0,umask=0x42,name='MEM_INST_RETIRED.SPLIT_STORES_PS'/uk,cpu/event=0xd0,umask=0x11,name='MEM_INST_RETIRED.STLB_MISS_LOADS_PS'/uk,cpu/event=0xd0,umask=0x12,name='MEM_INST_RETIRED.STLB_MISS_STORES_PS'/uk,cpu/event=0xd1,umask=0x1,name='MEM_LOAD_RETIRED.L1_HIT_PS'/uk,cpu/event=0xb2,umask=0x1,name='OFFCORE_REQUESTS_BUFFER.SQ_FULL'/uk,cpu/cmask=0x1,event=0x60,umask=0x4,name='OFFCORE_REQUESTS_OUTSTANDING.CYCLES_WITH_DEMAND_RFO'/uk,uncore_imc_0/event=0x4,umask=0x3,name='UNC_M_CAS_COUNT.RD[UNIT0]'/,uncore_imc_1/event=0x4,umask=0x3,name='UNC_M_CAS_COUNT.RD[UNIT1]'/,uncore_imc_2/event=0x4,umask=0x3,name='UNC_M_CAS_COUNT.RD[UNIT2]'/,uncore_imc_3/event=0x4,umask=0x3,name='UNC_M_CAS_COUNT.RD[UNIT3]'/,uncore_imc_4/event=0x4,umask=0x3,name='UNC_M_CAS_COUNT.RD[UNIT4]'/,uncore_imc_5/event=0x4,umask=0x3,name='UNC_M_CAS_COUNT.RD[UNIT5]'/,uncore_imc_0/event=0x4,umask=0xc,name='UNC_M_CAS_COUNT.WR[UNIT0]'/,uncore_imc_1/event=0x4,umask=0xc,name='UNC_M_CAS_COUNT.WR[UNIT1]'/,uncore_imc_2/event=0x4,umask=0xc,name='UNC_M_CAS_COUNT.WR[UNIT2]'/,uncore_imc_3/event=0x4,umask=0xc,name='UNC_M_CAS_COUNT.WR[UNIT3]'/,uncore_imc_4/event=0x4,umask=0xc,name='UNC_M_CAS_COUNT.WR[UNIT4]'/,uncore_imc_5/event=0x4,umask=0xc,name='UNC_M_CAS_COUNT.WR[UNIT5]'/,uncore_imc_0/event=0xd3,umask=0x2,name='UNC_M_TAGCHK.MISS_CLEAN[UNIT0]'/,uncore_imc_1/event=0xd3,umask=0x2,name='UNC_M_TAGCHK.MISS_CLEAN[UNIT1]'/,uncore_imc_2/event=0xd3,umask=0x2,name='UNC_M_TAGCHK.MISS_CLEAN[UNIT2]'/,uncore_imc_3/event=0xd3,umask=0x2,name='UNC_M_TAGCHK.MISS_CLEAN[UNIT3]'/,uncore_imc_4/event=0xd3,umask=0x2,name='UNC_M_TAGCHK.MISS_CLEAN[UNIT4]'/,uncore_imc_5/event=0xd3,umask=0x2,name='UNC_M_TAGCHK.MISS_CLEAN[UNIT5]'/,uncore_imc_0/event=0xd3,umask=0x4,name='UNC_M_TAGCHK.MISS_DIRTY[UNIT0]'/,uncore_imc_1/event=0xd3,umask=0x4,name='UNC_M_TAGCHK.MISS_DIRTY[UNIT1]'/,uncore_imc_2/event=0xd3,umask=0x4,name='UNC_M_TAGCHK.MISS_DIRTY[UNIT2]'/,uncore_imc_3/event=0xd3,umask=0x4,name='UNC_M_TAGCHK.MISS_DIRTY[UNIT3]'/,uncore_imc_4/event=0xd3,umask=0x4,name='UNC_M_TAGCHK.MISS_DIRTY[UNIT4]'/,uncore_imc_5/event=0xd3,umask=0x4,name='UNC_M_TAGCHK.MISS_DIRTY[UNIT5]'/,uncore_m2m_0/event=0x37,umask=0x8,name='UNC_M2M_IMC_READS.TO_PMM[UNIT0]'/,uncore_m2m_1/event=0x37,umask=0x8,name='UNC_M2M_IMC_READS.TO_PMM[UNIT1]'/,uncore_m2m_0/event=0x38,umask=0x20,name='UNC_M2M_IMC_WRITES.TO_PMM[UNIT0]'/,uncore_m2m_1/event=0x38,umask=0x20,name='UNC_M2M_IMC_WRITES.TO_PMM[UNIT1]'/,uncore_m2m_0/event=0x2c,umask=0x1,name='UNC_M2M_TAG_HIT.NM_RD_HIT_CLEAN[UNIT0]'/,uncore_m2m_1/event=0x2c,umask=0x1,name='UNC_M2M_TAG_HIT.NM_RD_HIT_CLEAN[UNIT1]'/,uncore_m2m_0/event=0x2c,umask=0x2,name='UNC_M2M_TAG_HIT.NM_RD_HIT_DIRTY[UNIT0]'/,uncore_m2m_1/event=0x2c,umask=0x2,name='UNC_M2M_TAG_HIT.NM_RD_HIT_DIRTY[UNIT1]'/ /opt/intel/oneapi/vtune/2025.0/bin64/amplxe-perf-sync sync tsc
7307 [136586631055040] INFO perfrun.sdk <> - runCmd started PID 1090899
7764 [136594039798720] INFO perfrun.launcher <> - Launcher: all plugins were started
7764 [136594039798720] INFO perfrun.launcher <> - DirectoryMonitor object was created
7764 [136594039798720] INFO perfrun.launcher <> - DirectoryMonitor: a callback was added
7764 [136594039798720] INFO perfrun.launcher <> - DirectoryMonitor was started with pingTime = 1000
7764 [136594039798720] INFO perfrun.launcher <> - DeadlineTimer is going to be constructed
7765 [136594039798720] INFO perfrun.launcher <> - DeadlineTimer: a callback was added
7766 [136594039798720] INFO perfrun.launcher <> - Launcher: resume the profiled application and  wait its termination or stop command
8975 [136594039798720] INFO perfrun.launcher <> - Launcher: the profiled application was terminated  with exit code = 0
8980 [136586631055040] INFO perfrun.perfcollector <> - Monitor: runCmd RC = true
8980 [136593811703488] INFO perfrun.perfcollector <> - Monitor: state = 3, error = 1
8980 [136593811703488] INFO perfrun.sdk <> - De-allocating TMU: /home/fmahling/hdp-profiling-session/cmake-build-info-release/r000ps/data.0/systemcollector-1090812-des-node03.sc
8980 [136593811703488] INFO perfrun.system <> - closed the system trace file: /home/fmahling/hdp-profiling-session/cmake-build-info-release/r000ps/data.0/systemcollector-1090812-des-node03.sc
8980 [136594039798720] INFO perfrun.launcher <> - Launcher: all plugins were stopped.
8980 [136594039798720] INFO perfrun.launcher <> - DeadlineTimer is going to be destroyed
8980 [136594039798720] INFO perfrun.launcher <> - DeadlineTimer was destroyed
8980 [136594039798720] INFO perfrun.launcher <> - DirectoryMonitor object was destroyed
8980 [136594039798720] WARN perfrun.launcher <> - Stop command is ignored because it is received when collection is already stopped, at file: vcs/perfrun1/launcher/src/command_handler.cpp:226
8981 [136594039798720] INFO perfrun.launcher <> - Application exit code: 0
8981 [136594039798720] INFO perfrun.launcher <> - Exit code: 0
